country,year,deaths_total,ecommerce_sales_usd_millions,internet_usage_percent,is_conflict,major_crisis_flag
Afghanistan,1989,5411.0,0.0,31.1,1,0
Afghanistan,1990,1514.0,0.0,31.1,1,0
Afghanistan,1991,3553.0,0.0,31.1,1,0
Afghanistan,1992,4385.0,0.0,31.1,1,0
Afghanistan,1993,4105.0,0.0,31.1,1,0
Afghanistan,1994,9056.0,0.0,31.1,1,0
Afghanistan,1995,5618.0,0.0,31.1,1,0
Afghanistan,1996,3595.0,0.0,31.1,1,0
Afghanistan,1997,6721.0,0.0,31.1,1,0
Afghanistan,1998,12174.0,0.0,31.1,1,0
Afghanistan,1999,5065.0,0.0,31.1,1,0
Afghanistan,2000,5394.0,0.0,31.1,1,1
Afghanistan,2001,5553.0,0.0,31.1,1,1
Afghanistan,2002,1157.0,0.0,31.1,1,0
Afghanistan,2003,944.0,0.0,31.1,1,0
Afghanistan,2004,817.0,0.0,31.1,1,0
Afghanistan,2005,1711.0,0.0,31.1,1,0
Afghanistan,2006,4982.0,0.0,31.1,1,0
Afghanistan,2007,7037.0,0.0,31.1,1,0
Afghanistan,2008,5661.0,0.0,31.1,1,1
Afghanistan,2009,6499.0,0.0,31.1,1,1
Afghanistan,2010,7151.0,0.0,31.1,1,0
Afghanistan,2011,7563.0,0.0,31.1,1,0
Afghanistan,2012,7783.0,0.0,31.1,1,0
Afghanistan,2013,8131.0,0.0,31.1,1,0
Afghanistan,2014,12549.0,0.0,31.1,1,0
Afghanistan,2015,18018.0,0.0,31.1,1,0
Afghanistan,2016,19025.0,0.0,31.1,1,0
Afghanistan,2017,19784.0,0.0,31.1,1,0
Afghanistan,2018,26895.0,0.0,31.1,1,0
Afghanistan,2019,30435.0,0.0,31.1,1,0
Afghanistan,2020,20834.0,0.0,31.1,1,1
Afghanistan,2021,36386.0,0.0,31.1,1,1
Afghanistan,2022,1574.0,0.0,31.1,1,1
Afghanistan,2023,360.0,0.0,31.1,1,0
Afghanistan,2024,353.0,0.0,31.1,1,0
Africa,2015,0.0,0.0,31.1,0,0
Africa,2015,0.0,0.0,19.4,0,0
Africa,2016,0.0,0.0,32.3,0,0
Africa,2016,0.0,0.0,20.9,0,0
Africa,2017,0.0,0.0,33.6,0,0
Africa,2018,0.0,0.0,35.7,0,0
Africa,2020,0.0,0.0,49.6,0,1
Africa,2021,0.0,0.0,50.6,0,1
Africa,2022,0.0,0.0,51.7,0,1
Africa,2023,0.0,0.0,54.7,0,0
Africa,2025,0.0,0.0,17.3,0,0
Albania,1999,26.0,0.0,82.8,1,0
Algeria,1990,1.0,0.0,82.8,1,0
Algeria,1991,34.0,0.0,82.8,1,0
Algeria,1992,274.0,0.0,82.8,1,0
Algeria,1993,826.0,0.0,82.8,1,0
Algeria,1994,1943.0,0.0,82.8,1,0
Algeria,1995,3059.0,0.0,82.8,1,0
Algeria,1996,1091.0,0.0,82.8,1,0
Algeria,1997,2008.0,0.0,82.8,1,0
Algeria,1998,3284.0,0.0,82.8,1,0
Algeria,1999,1168.0,0.0,82.8,1,0
Algeria,2000,1193.0,0.0,82.8,1,1
Algeria,2001,674.0,0.0,82.8,1,1
Algeria,2002,1058.0,0.0,82.8,1,0
Algeria,2003,714.0,0.0,82.8,1,0
Algeria,2004,500.0,0.0,82.8,1,0
Algeria,2005,232.0,0.0,82.8,1,0
Algeria,2006,292.0,0.0,82.8,1,0
Algeria,2007,495.0,0.0,82.8,1,0
Algeria,2008,345.0,0.0,82.8,1,1
Algeria,2009,541.0,0.0,82.8,1,1
Algeria,2010,252.0,0.0,82.8,1,0
Algeria,2011,276.0,0.0,82.8,1,0
Algeria,2012,264.0,0.0,82.8,1,0
Algeria,2013,222.0,0.0,82.8,1,0
Algeria,2014,111.0,0.0,82.8,1,0
Algeria,2015,110.0,0.0,82.8,1,0
Algeria,2016,89.0,0.0,82.8,1,0
Algeria,2017,77.0,0.0,82.8,1,0
Algeria,2018,35.0,0.0,82.8,1,0
Algeria,2019,15.0,0.0,82.8,1,0
Algeria,2020,28.0,0.0,82.8,1,1
Algeria,2021,18.0,0.0,82.8,1,1
Algeria,2022,14.0,0.0,82.8,1,1
Algeria,2023,1.0,0.0,82.8,1,0
Algeria,2024,3.0,0.0,82.8,1,0
Americas,2015,0.0,0.0,82.8,0,0
Americas,2015,0.0,0.0,72.5,0,0
Americas,2016,0.0,0.0,84.9,0,0
Americas,2016,0.0,0.0,75.0,0,0
Americas,2017,0.0,0.0,86.4,0,0
Americas,2018,0.0,0.0,88.1,0,0
Americas,2020,0.0,0.0,86.5,0,1
Americas,2021,0.0,0.0,88.2,0,1
Americas,2022,0.0,0.0,89.3,0,1
Americas,2023,0.0,0.0,90.9,0,0
Americas,2025,0.0,0.0,67.2,0,0
Angola,1989,2873.0,0.0,66.9,1,0
Angola,1990,2609.0,0.0,66.9,1,0
Angola,1991,516.0,0.0,66.9,1,0
Angola,1992,2352.0,0.0,66.9,1,0
Angola,1993,12398.0,0.0,66.9,1,0
Angola,1994,4009.0,0.0,66.9,1,0
Angola,1995,238.0,0.0,66.9,1,0
Angola,1996,32.0,0.0,66.9,1,0
Angola,1997,105.0,0.0,66.9,1,0
Angola,1998,1191.0,0.0,66.9,1,0
Angola,1999,2666.0,0.0,66.9,1,0
Angola,2000,1209.0,0.0,66.9,1,1
Angola,2001,2158.0,0.0,66.9,1,1
Angola,2002,579.0,0.0,66.9,1,0
Angola,2003,84.0,0.0,66.9,1,0
Angola,2004,38.0,0.0,66.9,1,0
Angola,2005,15.0,0.0,66.9,1,0
Angola,2006,3.0,0.0,66.9,1,0
Angola,2007,26.0,0.0,66.9,1,0
Angola,2008,4.0,0.0,66.9,1,1
Angola,2009,25.0,0.0,66.9,1,1
Angola,2010,10.0,0.0,66.9,1,0
Angola,2011,1.0,0.0,66.9,1,0
Angola,2013,2.0,0.0,66.9,1,0
Angola,2014,0.0,0.0,66.9,0,0
Angola,2015,1.0,0.0,66.9,1,0
Angola,2016,26.0,0.0,66.9,1,0
Angola,2017,26.0,0.0,66.9,1,0
Angola,2018,24.0,0.0,66.9,1,0
Angola,2019,26.0,0.0,66.9,1,0
Angola,2020,29.0,0.0,66.9,1,1
Angola,2021,13.0,0.0,66.9,1,1
Angola,2022,21.0,0.0,66.9,1,1
Angola,2023,0.0,0.0,66.9,0,0
Angola,2024,25.0,0.0,66.9,1,0
Arab States,2015,0.0,0.0,66.9,0,0
Arab States,2015,0.0,0.0,50.7,0,0
Arab States,2016,0.0,0.0,68.2,0,0
Arab States,2016,0.0,0.0,51.2,0,0
Arab States,2017,0.0,0.0,68.6,0,0
Arab States,2018,0.0,0.0,69.5,0,0
Arab States,2020,0.0,0.0,79.5,0,1
Arab States,2021,0.0,0.0,80.4,0,1
Arab States,2022,0.0,0.0,80.6,0,1
Arab States,2023,0.0,0.0,81.8,0,0
Arab States,2025,0.0,0.0,48.3,0,0
Argentina,1992,0.0,0.0,68.3,0,0
Argentina,1994,86.0,0.0,68.3,1,0
Armenia,1992,85.0,0.0,68.3,1,0
Armenia,1993,37.0,0.0,68.3,1,0
Armenia,1994,30.0,0.0,68.3,1,0
Armenia,1995,7.0,0.0,68.3,1,0
Armenia,2005,1.0,0.0,68.3,1,0
Armenia,2006,2.0,0.0,68.3,1,0
Armenia,2012,9.0,0.0,68.3,1,0
Armenia,2013,1.0,0.0,68.3,1,0
Armenia,2015,16.0,0.0,68.3,1,0
Armenia,2016,4.0,0.0,68.3,1,0
Armenia,2018,1.0,0.0,68.3,1,0
Armenia,2019,2.0,0.0,68.3,1,0
Armenia,2020,10.0,0.0,68.3,1,1
Armenia,2021,10.0,0.0,68.3,1,1
Armenia,2022,154.0,0.0,68.3,1,1
Armenia,2023,20.0,0.0,68.3,1,0
Asia-Pacific,2015,0.0,0.0,68.3,0,0
Asia-Pacific,2015,0.0,0.0,62.8,0,0
Asia-Pacific,2016,0.0,0.0,71.2,0,0
Asia-Pacific,2016,0.0,0.0,65.9,0,0
Asia-Pacific,2017,0.0,0.0,74.1,0,0
Asia-Pacific,2018,0.0,0.0,77.1,0,0
Asia-Pacific,2020,0.0,0.0,81.8,0,1
Asia-Pacific,2021,0.0,0.0,83.6,0,1
Asia-Pacific,2022,0.0,0.0,85.4,0,1
Asia-Pacific,2023,0.0,0.0,88.4,0,0
Asia-Pacific,2025,0.0,0.0,55.4,0,0
Australia,2012,0.0,245392.159,86.8,0,0
Australia,2013,0.0,237487.705,86.8,0,0
Australia,2014,0.0,240678.596,86.8,0,0
Australia,2015,0.0,428971.66,86.8,0,0
Australia,2016,0.0,477842.196,86.8,0,0
Australia,2017,0.0,604403.233,86.8,0,0
Australia,2018,2.0,0.0,86.8,1,0
Austria,2016,0.0,2093963.097,86.8,0,0
Austria,2017,0.0,1660948.173,86.8,0,0
Austria,2018,0.0,2709261.525,86.8,0,0
Austria,2019,0.0,2620658.864,86.8,0,0
Austria,2020,4.0,2996524.352,86.8,1,1
Austria,2021,0.0,2932624.698,86.8,0,1
Austria,2022,0.0,2705608.246,86.8,0,1
Austria,2023,0.0,4444341.796,86.8,0,0
Azerbaijan,1991,35.0,0.0,86.8,1,0
Azerbaijan,1992,2856.0,0.0,86.8,1,0
Azerbaijan,1993,1194.0,0.0,86.8,1,0
Azerbaijan,1994,1489.0,0.0,86.8,1,0
Azerbaijan,1995,55.0,0.0,86.8,1,0
Azerbaijan,1996,5.0,0.0,86.8,1,0
Azerbaijan,1997,29.0,0.0,86.8,1,0
Azerbaijan,1998,34.0,0.0,86.8,1,0
Azerbaijan,1999,18.0,0.0,86.8,1,0
Azerbaijan,2000,13.0,0.0,86.8,1,1
Azerbaijan,2001,6.0,0.0,86.8,1,1
Azerbaijan,2004,8.0,0.0,86.8,1,0
Azerbaijan,2005,24.0,0.0,86.8,1,0
Azerbaijan,2006,5.0,0.0,86.8,1,0
Azerbaijan,2007,12.0,0.0,86.8,1,0
Azerbaijan,2008,30.0,0.0,86.8,1,1
Azerbaijan,2009,7.0,0.0,86.8,1,1
Azerbaijan,2010,20.0,0.0,86.8,1,0
Azerbaijan,2011,21.0,0.0,86.8,1,0
Azerbaijan,2012,16.0,0.0,86.8,1,0
Azerbaijan,2013,11.0,0.0,86.8,1,0
Azerbaijan,2014,46.0,0.0,86.8,1,0
Azerbaijan,2015,63.0,0.0,86.8,1,0
Azerbaijan,2016,137.0,0.0,86.8,1,0
Azerbaijan,2017,36.0,0.0,86.8,1,0
Azerbaijan,2018,16.0,0.0,86.8,1,0
Azerbaijan,2019,9.0,0.0,86.8,1,0
Azerbaijan,2020,7636.0,0.0,86.8,1,1
Azerbaijan,2021,30.0,0.0,86.8,1,1
Azerbaijan,2022,154.0,0.0,86.8,1,1
Azerbaijan,2023,442.0,0.0,86.8,1,0
Bahrain,2011,26.0,0.0,86.8,1,0
Bangladesh,1989,81.0,0.0,86.8,1,0
Bangladesh,1990,94.0,0.0,86.8,1,0
Bangladesh,1991,107.0,0.0,86.8,1,0
Bangladesh,1992,225.0,0.0,86.8,1,0
Bangladesh,1993,43.0,0.0,86.8,1,0
Bangladesh,1994,32.0,0.0,86.8,1,0
Bangladesh,1995,14.0,0.0,86.8,1,0
Bangladesh,1996,46.0,0.0,86.8,1,0
Bangladesh,1997,16.0,0.0,86.8,1,0
Bangladesh,1998,21.0,0.0,86.8,1,0
Bangladesh,1999,14.0,0.0,86.8,1,0
Bangladesh,2000,105.0,0.0,86.8,1,1
Bangladesh,2001,72.0,0.0,86.8,1,1
Bangladesh,2002,7.0,0.0,86.8,1,0
Bangladesh,2003,8.0,0.0,86.8,1,0
Bangladesh,2004,75.0,0.0,86.8,1,0
Bangladesh,2005,80.0,0.0,86.8,1,0
Bangladesh,2006,96.0,0.0,86.8,1,0
Bangladesh,2007,18.0,0.0,86.8,1,0
Bangladesh,2008,13.0,0.0,86.8,1,1
Bangladesh,2009,10.0,0.0,86.8,1,1
Bangladesh,2010,5.0,0.0,86.8,1,0
Bangladesh,2011,0.0,0.0,86.8,0,0
Bangladesh,2012,2.0,0.0,86.8,1,0
Bangladesh,2013,54.0,0.0,86.8,1,0
Bangladesh,2014,2.0,0.0,86.8,1,0
Bangladesh,2015,10.0,0.0,86.8,1,0
Bangladesh,2016,73.0,0.0,86.8,1,0
Bangladesh,2017,48.0,0.0,86.8,1,0
Bangladesh,2018,28.0,0.0,86.8,1,0
Bangladesh,2019,3.0,0.0,86.8,1,0
Bangladesh,2020,5.0,0.0,86.8,1,1
Bangladesh,2021,2.0,0.0,86.8,1,1
Bangladesh,2022,13.0,0.0,86.8,1,1
Bangladesh,2023,12.0,0.0,86.8,1,0
Bangladesh,2024,374.0,0.0,86.8,1,0
Belgium,2016,34.0,0.0,86.8,1,0
Belgium,2018,4.0,0.0,86.8,1,0
Belgium,2023,2.0,0.0,86.8,1,0
Benin,2019,1.0,0.0,86.8,1,0
Benin,2020,1.0,0.0,86.8,1,1
Benin,2021,11.0,0.0,86.8,1,1
Benin,2022,30.0,0.0,86.8,1,1
Benin,2023,46.0,0.0,86.8,1,0
Benin,2024,85.0,0.0,86.8,1,0
Bhutan,1997,4.0,0.0,86.8,1,0
Bhutan,2004,0.0,0.0,86.8,0,0
Bolivia,1998,2.0,0.0,86.8,1,0
Bolivia,2000,50.0,0.0,86.8,1,1
Bolivia,2021,1.0,0.0,86.8,1,1
Bolivia,2023,1.0,0.0,86.8,1,0
Bosnia and Herzegovina,1992,25171.0,0.0,86.8,1,0
Bosnia and Herzegovina,1993,13787.0,0.0,86.8,1,0
Bosnia and Herzegovina,1994,7312.0,0.0,86.8,1,0
Bosnia and Herzegovina,1995,17265.0,0.0,86.8,1,0
Bosnia and Herzegovina,2017,0.0,92975.718,86.8,0,0
Bosnia and Herzegovina,2018,0.0,143620.311,86.8,0,0
Bosnia and Herzegovina,2019,0.0,65518.866,86.8,0,0
Bosnia and Herzegovina,2020,0.0,90194.472,86.8,0,1
Bosnia and Herzegovina,2021,0.0,80887.431,86.8,0,1
Bosnia and Herzegovina,2022,0.0,104475.619,86.8,0,1
Bosnia and Herzegovina,2023,0.0,132026.734,86.8,0,0
Botswana,1990,1.0,0.0,86.8,1,0
Brazil,1993,43.0,0.0,86.8,1,0
Brazil,1994,32.0,0.0,86.8,1,0
Brazil,1995,51.0,0.0,86.8,1,0
Brazil,1996,20.0,0.0,86.8,1,0
Brazil,1997,41.0,0.0,86.8,1,0
Brazil,1998,16.0,0.0,86.8,1,0
Brazil,1999,86.0,0.0,86.8,1,0
Brazil,2000,64.0,0.0,86.8,1,1
Brazil,2001,81.0,0.0,86.8,1,1
Brazil,2002,65.0,0.0,86.8,1,0
Brazil,2003,51.0,0.0,86.8,1,0
Brazil,2004,86.0,0.0,86.8,1,0
Brazil,2005,60.0,0.0,86.8,1,0
Brazil,2006,23.0,0.0,86.8,1,0
Brazil,2007,40.0,0.0,86.8,1,0
Brazil,2008,20.0,0.0,86.8,1,1
Brazil,2009,40.0,0.0,86.8,1,1
Brazil,2010,4.0,0.0,86.8,1,0
Brazil,2011,34.0,0.0,86.8,1,0
Brazil,2012,275.0,0.0,86.8,1,0
Brazil,2013,28.0,0.0,86.8,1,0
Brazil,2014,4.0,0.0,86.8,1,0
Brazil,2015,83.0,0.0,86.8,1,0
Brazil,2016,156.0,0.0,86.8,1,0
Brazil,2017,3062.0,0.0,86.8,1,0
Brazil,2018,2662.0,0.0,86.8,1,0
Brazil,2019,1731.0,0.0,86.8,1,0
Brazil,2020,2670.0,0.0,86.8,1,1
Brazil,2021,2661.0,0.0,86.8,1,1
Brazil,2022,1703.0,0.0,86.8,1,1
Brazil,2023,2481.0,0.0,86.8,1,0
Brazil,2024,1635.0,0.0,86.8,1,0
Burkina Faso,2016,26.0,0.0,86.8,1,0
Burkina Faso,2017,54.0,0.0,86.8,1,0
Burkina Faso,2018,195.0,0.0,86.8,1,0
Burkina Faso,2019,1246.0,0.0,86.8,1,0
Burkina Faso,2020,1167.0,0.0,86.8,1,1
Burkina Faso,2021,1458.0,0.0,86.8,1,1
Burkina Faso,2022,2704.0,0.0,86.8,1,1
Burkina Faso,2023,6122.0,0.0,86.8,1,0
Burkina Faso,2024,4251.0,0.0,86.8,1,0
Burundi,1990,7.0,0.0,86.8,1,0
Burundi,1991,342.0,0.0,86.8,1,0
Burundi,1992,61.0,0.0,86.8,1,0
Burundi,1993,10218.0,0.0,86.8,1,0
Burundi,1994,897.0,0.0,86.8,1,0
Burundi,1995,2828.0,0.0,86.8,1,0
Burundi,1996,18184.0,0.0,86.8,1,0
Burundi,1997,4395.0,0.0,86.8,1,0
Burundi,1998,1797.0,0.0,86.8,1,0
Burundi,1999,1852.0,0.0,86.8,1,0
Burundi,2000,2442.0,0.0,86.8,1,1
Burundi,2001,1634.0,0.0,86.8,1,1
Burundi,2002,1990.0,0.0,86.8,1,0
Burundi,2003,1283.0,0.0,86.8,1,0
Burundi,2004,734.0,0.0,86.8,1,0
Burundi,2005,485.0,0.0,86.8,1,0
Burundi,2006,251.0,0.0,86.8,1,0
Burundi,2007,79.0,0.0,86.8,1,0
Burundi,2008,257.0,0.0,86.8,1,1
Burundi,2009,0.0,0.0,86.8,0,1
Burundi,2011,4.0,0.0,86.8,1,0
Burundi,2012,14.0,0.0,86.8,1,0
Burundi,2013,16.0,0.0,86.8,1,0
Burundi,2014,61.0,0.0,86.8,1,0
Burundi,2015,265.0,0.0,86.8,1,0
Burundi,2016,93.0,0.0,86.8,1,0
Burundi,2017,43.0,0.0,86.8,1,0
Burundi,2018,116.0,0.0,86.8,1,0
Burundi,2019,75.0,0.0,86.8,1,0
Burundi,2020,145.0,0.0,86.8,1,1
Burundi,2021,81.0,0.0,86.8,1,1
Burundi,2022,48.0,0.0,86.8,1,1
Burundi,2023,125.0,0.0,86.8,1,0
Burundi,2024,70.0,0.0,86.8,1,0
CIS,2015,0.0,0.0,86.8,0,0
CIS,2015,0.0,0.0,85.2,0,0
CIS,2016,0.0,0.0,89.2,0,0
CIS,2016,0.0,0.0,87.5,0,0
CIS,2017,0.0,0.0,90.8,0,0
CIS,2018,0.0,0.0,92.9,0,0
CIS,2020,0.0,0.0,90.5,0,1
CIS,2021,0.0,0.0,92.3,0,1
CIS,2022,0.0,0.0,93.7,0,1
CIS,2023,0.0,0.0,95.8,0,0
CIS,2025,0.0,0.0,79.7,0,0
Cambodia,1989,814.0,0.0,88.3,1,0
Cambodia,1990,377.0,0.0,88.3,1,0
Cambodia,1991,322.0,0.0,88.3,1,0
Cambodia,1992,193.0,0.0,88.3,1,0
Cambodia,1993,484.0,0.0,88.3,1,0
Cambodia,1994,572.0,0.0,88.3,1,0
Cambodia,1995,723.0,0.0,88.3,1,0
Cambodia,1996,846.0,0.0,88.3,1,0
Cambodia,1997,444.0,0.0,88.3,1,0
Cambodia,1998,274.0,0.0,88.3,1,0
Cambodia,1999,0.0,0.0,88.3,0,0
Cambodia,2000,4.0,0.0,88.3,1,1
Cambodia,2003,1.0,0.0,88.3,1,0
Cambodia,2007,2.0,0.0,88.3,1,0
Cambodia,2008,2.0,0.0,88.3,1,1
Cambodia,2009,2.0,0.0,88.3,1,1
Cambodia,2011,10.0,0.0,88.3,1,0
Cambodia,2012,1.0,0.0,88.3,1,0
Cameroon,1990,6.0,0.0,88.3,1,0
Cameroon,1991,50.0,0.0,88.3,1,0
Cameroon,1992,25.0,0.0,88.3,1,0
Cameroon,1993,47.0,0.0,88.3,1,0
Cameroon,1994,102.0,0.0,88.3,1,0
Cameroon,1996,56.0,0.0,88.3,1,0
Cameroon,1998,52.0,0.0,88.3,1,0
Cameroon,2000,2.0,0.0,88.3,1,1
Cameroon,2001,0.0,0.0,88.3,0,1
Cameroon,2004,0.0,0.0,88.3,0,0
Cameroon,2005,0.0,0.0,88.3,0,0
Cameroon,2008,0.0,0.0,88.3,0,1
Cameroon,2009,0.0,0.0,88.3,0,1
Cameroon,2013,1.0,0.0,88.3,1,0
Cameroon,2014,1047.0,0.0,88.3,1,0
Cameroon,2015,1263.0,0.0,88.3,1,0
Cameroon,2016,491.0,0.0,88.3,1,0
Cameroon,2017,410.0,0.0,88.3,1,0
Cameroon,2018,1013.0,0.0,88.3,1,0
Cameroon,2019,868.0,0.0,88.3,1,0
Cameroon,2020,792.0,0.0,88.3,1,1
Cameroon,2021,827.0,0.0,88.3,1,1
Cameroon,2022,667.0,0.0,88.3,1,1
Cameroon,2023,638.0,0.0,88.3,1,0
Cameroon,2024,421.0,0.0,88.3,1,0
Canada,1994,3.0,0.0,88.3,1,0
Canada,1995,24.0,0.0,88.3,1,0
Canada,1996,2.0,0.0,88.3,1,0
Canada,1997,2.0,0.0,88.3,1,0
Canada,1998,27.0,0.0,88.3,1,0
Canada,1999,11.0,0.0,88.3,1,0
Canada,2000,23.0,0.0,88.3,1,1
Canada,2001,1.0,0.0,88.3,1,1
Canada,2012,0.0,407050.583,88.3,0,0
Canada,2013,0.0,429337.888,88.3,0,0
Canada,2019,0.0,1426470.052,88.3,0,0
Canada,2021,0.0,2186067.061,88.3,0,1
Canada,2023,0.0,835780.262,88.3,0,0
Central African Republic,1991,0.0,0.0,88.3,0,0
Central African Republic,1992,3.0,0.0,88.3,1,0
Central African Republic,1993,4.0,0.0,88.3,1,0
Central African Republic,1999,5.0,0.0,88.3,1,0
Central African Republic,2000,6.0,0.0,88.3,1,1
Central African Republic,2001,216.0,0.0,88.3,1,1
Central African Republic,2002,152.0,0.0,88.3,1,0
Central African Republic,2003,19.0,0.0,88.3,1,0
Central African Republic,2004,23.0,0.0,88.3,1,0
Central African Republic,2005,8.0,0.0,88.3,1,0
Central African Republic,2006,190.0,0.0,88.3,1,0
Central African Republic,2007,143.0,0.0,88.3,1,0
Central African Republic,2008,8.0,0.0,88.3,1,1
Central African Republic,2009,244.0,0.0,88.3,1,1
Central African Republic,2010,148.0,0.0,88.3,1,0
Central African Republic,2011,195.0,0.0,88.3,1,0
Central African Republic,2012,132.0,0.0,88.3,1,0
Central African Republic,2013,3396.0,0.0,88.3,1,0
Central African Republic,2014,3493.0,0.0,88.3,1,0
Central African Republic,2015,745.0,0.0,88.3,1,0
Central African Republic,2016,688.0,0.0,88.3,1,0
Central African Republic,2017,1865.0,0.0,88.3,1,0
Central African Republic,2018,640.0,0.0,88.3,1,0
Central African Republic,2019,501.0,0.0,88.3,1,0
Central African Republic,2020,299.0,0.0,88.3,1,1
Central African Republic,2021,1080.0,0.0,88.3,1,1
Central African Republic,2022,773.0,0.0,88.3,1,1
Central African Republic,2023,423.0,0.0,88.3,1,0
Central African Republic,2024,485.0,0.0,88.3,1,0
Chad,1989,50.0,0.0,88.3,1,0
Chad,1990,686.0,0.0,88.3,1,0
Chad,1991,95.0,0.0,88.3,1,0
Chad,1992,1190.0,0.0,88.3,1,0
Chad,1993,313.0,0.0,88.3,1,0
Chad,1994,521.0,0.0,88.3,1,0
Chad,1995,53.0,0.0,88.3,1,0
Chad,1996,4.0,0.0,88.3,1,0
Chad,1997,134.0,0.0,88.3,1,0
Chad,1998,198.0,0.0,88.3,1,0
Chad,1999,394.0,0.0,88.3,1,0
Chad,2000,1070.0,0.0,88.3,1,1
Chad,2001,230.0,0.0,88.3,1,1
Chad,2002,297.0,0.0,88.3,1,0
Chad,2003,37.0,0.0,88.3,1,0
Chad,2004,80.0,0.0,88.3,1,0
Chad,2005,267.0,0.0,88.3,1,0
Chad,2006,1956.0,0.0,88.3,1,0
Chad,2007,431.0,0.0,88.3,1,0
Chad,2008,994.0,0.0,88.3,1,1
Chad,2009,135.0,0.0,88.3,1,1
Chad,2010,4.0,0.0,88.3,1,0
Chad,2014,16.0,0.0,88.3,1,0
Chad,2015,397.0,0.0,88.3,1,0
Chad,2016,26.0,0.0,88.3,1,0
Chad,2017,91.0,0.0,88.3,1,0
Chad,2018,168.0,0.0,88.3,1,0
Chad,2019,253.0,0.0,88.3,1,0
Chad,2020,249.0,0.0,88.3,1,1
Chad,2021,667.0,0.0,88.3,1,1
Chad,2022,114.0,0.0,88.3,1,1
Chad,2023,112.0,0.0,88.3,1,0
Chad,2024,195.0,0.0,88.3,1,0
China,1989,2600.0,0.0,88.3,1,0
China,1990,22.0,0.0,88.3,1,0
China,1997,4.0,0.0,88.3,1,0
China,1999,0.0,0.0,88.3,0,0
China,2005,12.0,0.0,88.3,1,0
China,2007,0.0,0.0,88.3,0,0
China,2008,87.0,0.0,88.3,1,1
China,2009,189.0,0.0,88.3,1,1
China,2013,0.0,2156888.5130000003,88.3,0,0
China,2014,0.0,3135868.2630000003,88.3,0,0
China,2015,5.0,3667968.134,88.3,1,0
China,2016,0.0,4036255.471,88.3,0,0
China,2017,6.0,4851439.294,88.3,1,0
China,2018,0.0,5827820.37,88.3,0,0
China,2019,0.0,6341279.464,88.3,0,0
China,2020,0.0,7118789.558999999,88.3,0,1
China,2021,0.0,9157557.341,88.3,0,1
China,2022,0.0,11543318.22,88.3,0,1
China,2023,1.0,13152543.864,88.3,1,0
"China, Hong Kong SAR",2012,0.0,146322.465,88.3,0,0
"China, Hong Kong SAR",2014,0.0,208732.473,88.3,0,0
"China, Hong Kong SAR",2016,0.0,234773.165,88.3,0,0
"China, Hong Kong SAR",2018,0.0,265876.762,88.3,0,0
"China, Hong Kong SAR",2020,0.0,302494.311,88.3,0,1
"China, Hong Kong SAR",2022,0.0,480963.427,88.3,0,1
Colombia,1989,384.0,0.0,88.3,1,0
Colombia,1990,712.0,0.0,88.3,1,0
Colombia,1991,872.0,0.0,88.3,1,0
Colombia,1992,1500.0,0.0,88.3,1,0
Colombia,1993,302.0,0.0,88.3,1,0
Colombia,1994,1211.0,0.0,88.3,1,0
Colombia,1995,943.0,0.0,88.3,1,0
Colombia,1996,1401.0,0.0,88.3,1,0
Colombia,1997,891.0,0.0,88.3,1,0
Colombia,1998,1646.0,0.0,88.3,1,0
Colombia,1999,2638.0,0.0,88.3,1,0
Colombia,2000,4388.0,0.0,88.3,1,1
Colombia,2001,4611.0,0.0,88.3,1,1
Colombia,2002,6012.0,0.0,88.3,1,0
Colombia,2003,4678.0,0.0,88.3,1,0
Colombia,2004,3380.0,0.0,88.3,1,0
Colombia,2005,2888.0,0.0,88.3,1,0
Colombia,2006,945.0,0.0,88.3,1,0
Colombia,2007,683.0,0.0,88.3,1,0
Colombia,2008,643.0,0.0,88.3,1,1
Colombia,2009,501.0,0.0,88.3,1,1
Colombia,2010,442.0,0.0,88.3,1,0
Colombia,2011,227.0,0.0,88.3,1,0
Colombia,2012,227.0,0.0,88.3,1,0
Colombia,2013,140.0,0.0,88.3,1,0
Colombia,2014,157.0,0.0,88.3,1,0
Colombia,2015,144.0,0.0,88.3,1,0
Colombia,2016,85.0,0.0,88.3,1,0
Colombia,2017,107.0,0.0,88.3,1,0
Colombia,2018,253.0,47365.811,88.3,1,0
Colombia,2019,219.0,92611.101,88.3,1,0
Colombia,2020,196.0,90119.644,88.3,1,1
Colombia,2021,291.0,0.0,88.3,1,1
Colombia,2022,360.0,0.0,88.3,1,1
Colombia,2023,534.0,0.0,88.3,1,0
Colombia,2024,664.0,0.0,88.3,1,0
Comoros,1989,29.0,0.0,88.3,1,0
Comoros,1997,56.0,0.0,88.3,1,0
Comoros,1998,40.0,0.0,88.3,1,0
Congo,1992,2.0,0.0,88.3,1,0
Congo,1993,135.0,0.0,88.3,1,0
Congo,1994,18.0,0.0,88.3,1,0
Congo,1995,2.0,0.0,88.3,1,0
Congo,1996,1.0,0.0,88.3,1,0
Congo,1997,10412.0,0.0,88.3,1,0
Congo,1998,3763.0,0.0,88.3,1,0
Congo,1999,948.0,0.0,88.3,1,0
Congo,2001,3.0,0.0,88.3,1,1
Congo,2002,234.0,0.0,88.3,1,0
Congo,2003,33.0,0.0,88.3,1,0
Congo,2005,15.0,0.0,88.3,1,0
Congo,2007,2.0,0.0,88.3,1,0
Congo,2008,1.0,0.0,88.3,1,1
Congo,2011,1.0,0.0,88.3,1,0
Congo,2012,2.0,0.0,88.3,1,0
Congo,2015,0.0,0.0,88.3,0,0
Congo,2016,73.0,0.0,88.3,1,0
Congo,2017,20.0,0.0,88.3,1,0
Congo,2019,0.0,0.0,88.3,0,0
Congo,2020,0.0,0.0,88.3,0,1
Congo,2022,3.0,0.0,88.3,1,1
Croatia,1992,142.0,0.0,88.3,1,0
Croatia,1993,373.0,0.0,88.3,1,0
Croatia,1995,963.0,0.0,88.3,1,0
Croatia,2016,0.0,160671.644,88.3,0,0
Croatia,2017,0.0,159417.04200000002,88.3,0,0
Croatia,2018,0.0,175376.028,88.3,0,0
Croatia,2019,0.0,217265.769,88.3,0,0
Croatia,2020,0.0,294686.126,88.3,0,1
Croatia,2021,0.0,378487.679,88.3,0,1
Croatia,2022,0.0,318844.167,88.3,0,1
Croatia,2023,0.0,598500.3640000001,88.3,0,0
Czechia,2016,0.0,2939345.354,88.3,0,0
Czechia,2017,0.0,2778782.68,88.3,0,0
Czechia,2018,0.0,3561689.142,88.3,0,0
Czechia,2019,0.0,3277059.367,88.3,0,0
Czechia,2020,0.0,3440254.416,88.3,0,1
Czechia,2021,0.0,3811880.443,88.3,0,1
Czechia,2022,0.0,4924112.465,88.3,0,1
Czechia,2023,0.0,4043127.154,88.3,0,0
DR Congo,1989,28.0,0.0,88.3,1,0
DR Congo,1990,147.0,0.0,88.3,1,0
DR Congo,1991,32.0,0.0,88.3,1,0
DR Congo,1992,67.0,0.0,88.3,1,0
DR Congo,1993,3337.0,0.0,88.3,1,0
DR Congo,1994,332.0,0.0,88.3,1,0
DR Congo,1995,526.0,0.0,88.3,1,0
DR Congo,1996,34307.0,0.0,88.3,1,0
DR Congo,1997,13897.0,0.0,88.3,1,0
DR Congo,1998,7717.0,0.0,88.3,1,0
DR Congo,1999,7849.0,0.0,88.3,1,0
DR Congo,2000,3055.0,0.0,88.3,1,1
DR Congo,2001,1490.0,0.0,88.3,1,1
DR Congo,2002,7945.0,0.0,88.3,1,0
DR Congo,2003,4324.0,0.0,88.3,1,0
DR Congo,2004,782.0,0.0,88.3,1,0
DR Congo,2005,305.0,0.0,88.3,1,0
DR Congo,2006,390.0,0.0,88.3,1,0
DR Congo,2007,879.0,0.0,88.3,1,0
DR Congo,2008,1740.0,0.0,88.3,1,1
DR Congo,2009,5308.0,0.0,88.3,1,1
DR Congo,2010,1088.0,0.0,88.3,1,0
DR Congo,2011,552.0,0.0,88.3,1,0
DR Congo,2012,1838.0,0.0,88.3,1,0
DR Congo,2013,2197.0,0.0,88.3,1,0
DR Congo,2014,1624.0,0.0,88.3,1,0
DR Congo,2015,737.0,0.0,88.3,1,0
DR Congo,2016,2194.0,0.0,88.3,1,0
DR Congo,2017,5975.0,0.0,88.3,1,0
DR Congo,2018,3147.0,0.0,88.3,1,0
DR Congo,2019,2529.0,0.0,88.3,1,0
DR Congo,2020,4008.0,0.0,88.3,1,1
DR Congo,2021,3723.0,0.0,88.3,1,1
DR Congo,2022,5967.0,0.0,88.3,1,1
DR Congo,2023,3936.0,0.0,88.3,1,0
DR Congo,2024,5409.0,0.0,88.3,1,0
Denmark,2016,0.0,1692074.678,88.3,0,0
Denmark,2017,0.0,3424001.553,88.3,0,0
Denmark,2018,0.0,3035029.847,88.3,0,0
Denmark,2019,0.0,3095464.3,88.3,0,0
Denmark,2020,0.0,3367593.389,88.3,0,1
Denmark,2021,0.0,2740911.944,88.3,0,1
Denmark,2022,0.0,4185862.947,88.3,0,1
Denmark,2023,0.0,4735549.036,88.3,0,0
Djibouti,1989,6.0,0.0,88.3,1,0
Djibouti,1990,60.0,0.0,88.3,1,0
Djibouti,1991,134.0,0.0,88.3,1,0
Djibouti,1992,129.0,0.0,88.3,1,0
Djibouti,1993,33.0,0.0,88.3,1,0
Djibouti,1994,39.0,0.0,88.3,1,0
Djibouti,1995,18.0,0.0,88.3,1,0
Djibouti,1996,0.0,0.0,88.3,0,0
Djibouti,1997,11.0,0.0,88.3,1,0
Djibouti,1998,16.0,0.0,88.3,1,0
Djibouti,1999,25.0,0.0,88.3,1,0
Djibouti,2008,35.0,0.0,88.3,1,1
Djibouti,2014,1.0,0.0,88.3,1,0
Djibouti,2018,6.0,0.0,88.3,1,0
Djibouti,2021,3.0,0.0,88.3,1,1
Ecuador,1995,11.0,0.0,88.3,1,0
Ecuador,2001,2.0,0.0,88.3,1,1
Ecuador,2003,26.0,0.0,88.3,1,0
Ecuador,2005,3.0,0.0,88.3,1,0
Ecuador,2006,2.0,0.0,88.3,1,0
Ecuador,2007,2.0,0.0,88.3,1,0
Ecuador,2008,53.0,0.0,88.3,1,1
Ecuador,2019,2.0,0.0,88.3,1,0
Ecuador,2020,11.0,0.0,88.3,1,1
Ecuador,2021,291.0,0.0,88.3,1,1
Ecuador,2022,118.0,0.0,88.3,1,1
Ecuador,2023,540.0,0.0,88.3,1,0
Ecuador,2024,328.0,0.0,88.3,1,0
Egypt,1990,4.0,0.0,88.3,1,0
Egypt,1992,13.0,0.0,88.3,1,0
Egypt,1993,108.0,0.0,88.3,1,0
Egypt,1994,162.0,0.0,88.3,1,0
Egypt,1995,233.0,0.0,88.3,1,0
Egypt,1996,149.0,0.0,88.3,1,0
Egypt,1997,143.0,0.0,88.3,1,0
Egypt,1998,29.0,0.0,88.3,1,0
Egypt,1999,4.0,0.0,88.3,1,0
Egypt,2000,5.0,0.0,88.3,1,1
Egypt,2004,35.0,0.0,88.3,1,0
Egypt,2005,124.0,0.0,88.3,1,0
Egypt,2006,2.0,0.0,88.3,1,0
Egypt,2008,2.0,0.0,88.3,1,1
Egypt,2009,1.0,0.0,88.3,1,1
Egypt,2010,1.0,0.0,88.3,1,0
Egypt,2011,31.0,0.0,88.3,1,0
Egypt,2012,75.0,0.0,88.3,1,0
Egypt,2013,135.0,0.0,88.3,1,0
Egypt,2014,249.0,0.0,88.3,1,0
Egypt,2015,991.0,0.0,88.3,1,0
Egypt,2016,404.0,0.0,88.3,1,0
Egypt,2017,902.0,0.0,88.3,1,0
Egypt,2018,692.0,0.0,88.3,1,0
Egypt,2019,664.0,0.0,88.3,1,0
Egypt,2020,547.0,0.0,88.3,1,1
Egypt,2021,124.0,0.0,88.3,1,1
Egypt,2022,236.0,0.0,88.3,1,1
Egypt,2023,6.0,0.0,88.3,1,0
El Salvador,1989,4924.0,0.0,88.3,1,0
El Salvador,1990,849.0,0.0,88.3,1,0
El Salvador,1991,88.0,0.0,88.3,1,0
El Salvador,1992,4.0,0.0,88.3,1,0
El Salvador,2004,34.0,0.0,88.3,1,0
El Salvador,2009,5.0,0.0,88.3,1,1
El Salvador,2010,2.0,0.0,88.3,1,0
El Salvador,2015,1.0,0.0,88.3,1,0
El Salvador,2017,1.0,0.0,88.3,1,0
El Salvador,2019,1.0,0.0,88.3,1,0
El Salvador,2021,9.0,0.0,88.3,1,1
El Salvador,2022,88.0,0.0,88.3,1,1
Eritrea,1993,21.0,0.0,88.3,1,0
Eritrea,1996,14.0,0.0,88.3,1,0
Eritrea,1997,31.0,0.0,88.3,1,0
Eritrea,1998,792.0,0.0,88.3,1,0
Eritrea,1999,17203.0,0.0,88.3,1,0
Eritrea,2000,1793.0,0.0,88.3,1,1
Eritrea,2003,57.0,0.0,88.3,1,0
Eritrea,2008,0.0,0.0,88.3,0,1
Eritrea,2016,25.0,0.0,88.3,1,0
Eritrea,2022,4.0,0.0,88.3,1,1
Estonia,2016,0.0,204165.068,88.3,0,0
Estonia,2017,0.0,183201.052,88.3,0,0
Estonia,2018,0.0,185495.122,88.3,0,0
Estonia,2019,0.0,172032.819,88.3,0,0
Estonia,2020,0.0,229382.106,88.3,0,1
Estonia,2021,0.0,317043.874,88.3,0,1
Estonia,2022,0.0,280997.196,88.3,0,1
Estonia,2023,0.0,355654.942,88.3,0,0
Ethiopia,1989,25385.0,0.0,88.3,1,0
Ethiopia,1990,49856.0,0.0,88.3,1,0
Ethiopia,1991,12440.0,0.0,88.3,1,0
Ethiopia,1992,1026.0,0.0,88.3,1,0
Ethiopia,1993,133.0,0.0,88.3,1,0
Ethiopia,1994,76.0,0.0,88.3,1,0
Ethiopia,1995,1043.0,0.0,88.3,1,0
Ethiopia,1996,65.0,0.0,88.3,1,0
Ethiopia,1997,12.0,0.0,88.3,1,0
Ethiopia,1998,1027.0,0.0,88.3,1,0
Ethiopia,1999,30786.0,0.0,88.3,1,0
Ethiopia,2000,48666.0,0.0,88.3,1,1
Ethiopia,2001,388.0,0.0,88.3,1,1
Ethiopia,2002,809.0,0.0,88.3,1,0
Ethiopia,2003,1093.0,0.0,88.3,1,0
Ethiopia,2004,475.0,0.0,88.3,1,0
Ethiopia,2005,290.0,0.0,88.3,1,0
Ethiopia,2006,430.0,0.0,88.3,1,0
Ethiopia,2007,500.0,0.0,88.3,1,0
Ethiopia,2008,311.0,0.0,88.3,1,1
Ethiopia,2009,590.0,0.0,88.3,1,1
Ethiopia,2010,152.0,0.0,88.3,1,0
Ethiopia,2011,66.0,0.0,88.3,1,0
Ethiopia,2012,391.0,0.0,88.3,1,0
Ethiopia,2013,88.0,0.0,88.3,1,0
Ethiopia,2014,139.0,0.0,88.3,1,0
Ethiopia,2015,307.0,0.0,88.3,1,0
Ethiopia,2016,529.0,0.0,88.3,1,0
Ethiopia,2017,488.0,0.0,88.3,1,0
Ethiopia,2018,713.0,0.0,88.3,1,0
Ethiopia,2019,425.0,0.0,88.3,1,0
Ethiopia,2020,24429.0,0.0,88.3,1,1
Ethiopia,2021,129516.0,0.0,88.3,1,1
Ethiopia,2022,165025.0,0.0,88.3,1,1
Ethiopia,2023,2346.0,0.0,88.3,1,0
Ethiopia,2024,4072.0,0.0,88.3,1,0
Europe,2015,0.0,0.0,88.3,0,0
Europe,2015,0.0,0.0,85.9,0,0
Europe,2016,0.0,0.0,89.6,0,0
Europe,2016,0.0,0.0,87.1,0,0
Europe,2017,0.0,0.0,90.8,0,0
Europe,2018,0.0,0.0,92.2,0,0
Europe,2020,0.0,0.0,90.5,0,1
Europe,2021,0.0,0.0,91.6,0,1
Europe,2022,0.0,0.0,92.5,0,1
Europe,2023,0.0,0.0,94.0,0,0
Europe,2025,0.0,0.0,82.0,0,0
Finland,2016,0.0,267066.012,91.0,0,0
Finland,2017,0.0,297045.554,91.0,0,0
Finland,2018,0.0,372883.364,91.0,0,0
Finland,2020,0.0,334782.706,91.0,0,1
Finland,2022,0.0,430044.972,91.0,0,1
Finland,2023,0.0,490187.186,91.0,0,0
France,1992,0.0,0.0,91.0,0,0
France,1995,8.0,0.0,91.0,1,0
France,1996,0.0,0.0,91.0,0,0
France,2007,2.0,0.0,91.0,1,0
France,2012,4.0,0.0,91.0,1,0
France,2015,133.0,0.0,91.0,1,0
France,2016,87.0,14809147.078,91.0,1,0
France,2017,2.0,15950415.353,91.0,1,0
France,2018,13.0,17224607.308,91.0,1,0
France,2019,0.0,15519938.768,91.0,0,0
France,2020,0.0,14236447.027,91.0,0,1
France,2021,0.0,12303743.176,91.0,0,1
France,2022,0.0,8616589.048,91.0,0,1
France,2023,48.0,10190271.981,91.0,1,0
France,2024,3.0,0.0,91.0,1,0
Gambia,1996,0.0,0.0,91.0,0,0
Gambia,2004,1.0,0.0,91.0,1,0
Gambia,2005,8.0,0.0,91.0,1,0
Gambia,2012,1.0,0.0,91.0,1,0
Gambia,2024,1.0,0.0,91.0,1,0
Georgia,1991,52.0,0.0,91.0,1,0
Georgia,1992,775.0,0.0,91.0,1,0
Georgia,1993,1837.0,0.0,91.0,1,0
Georgia,1995,52.0,0.0,91.0,1,0
Georgia,1997,26.0,0.0,91.0,1,0
Georgia,1998,38.0,0.0,91.0,1,0
Georgia,2002,0.0,0.0,91.0,0,0
Georgia,2004,27.0,0.0,91.0,1,0
Georgia,2008,621.0,0.0,91.0,1,1
Georgia,2010,3.0,0.0,91.0,1,0
Georgia,2011,0.0,0.0,91.0,0,0
Georgia,2023,1.0,0.0,91.0,1,0
Germany,1989,3.0,0.0,91.0,1,0
Germany,1990,1.0,0.0,91.0,1,0
Germany,1992,4.0,0.0,91.0,1,0
Germany,2016,12.0,9954156.102,91.0,1,0
Germany,2017,0.0,6131396.55,91.0,0,0
Germany,2018,0.0,6442888.642,91.0,0,0
Germany,2019,0.0,7477431.472,91.0,0,0
Germany,2020,0.0,9307760.662,91.0,0,1
Germany,2021,0.0,8709290.413999999,91.0,0,1
Germany,2022,0.0,8032954.078,91.0,0,1
Germany,2023,0.0,13019246.298,91.0,0,0
Germany,2024,3.0,0.0,91.0,1,0
Ghana,1991,30.0,0.0,91.0,1,0
Ghana,1992,63.0,0.0,91.0,1,0
Ghana,1993,2.0,0.0,91.0,1,0
Ghana,1994,2004.0,0.0,91.0,1,0
Ghana,1995,155.0,0.0,91.0,1,0
Ghana,2000,30.0,0.0,91.0,1,1
Ghana,2001,50.0,0.0,91.0,1,1
Ghana,2002,36.0,0.0,91.0,1,0
Ghana,2008,55.0,0.0,91.0,1,1
Ghana,2009,8.0,0.0,91.0,1,1
Ghana,2010,1.0,0.0,91.0,1,0
Ghana,2022,16.0,0.0,91.0,1,1
Ghana,2023,15.0,0.0,91.0,1,0
Ghana,2024,7.0,0.0,91.0,1,0
Greece,2016,0.0,292816.083,91.0,0,0
Greece,2017,0.0,341616.083,91.0,0,0
Greece,2018,0.0,471374.367,91.0,0,0
Greece,2019,0.0,130445.897,91.0,0,0
Greece,2020,0.0,632102.085,91.0,0,1
Greece,2021,0.0,1042442.977,91.0,0,1
Greece,2022,0.0,814213.967,91.0,0,1
Greece,2023,0.0,1492899.454,91.0,0,0
Guatemala,1989,491.0,0.0,91.0,1,0
Guatemala,1990,681.0,0.0,91.0,1,0
Guatemala,1991,426.0,0.0,91.0,1,0
Guatemala,1992,393.0,0.0,91.0,1,0
Guatemala,1993,218.0,0.0,91.0,1,0
Guatemala,1994,287.0,0.0,91.0,1,0
Guatemala,1995,122.0,0.0,91.0,1,0
Guatemala,1996,20.0,0.0,91.0,1,0
Guatemala,1997,2.0,0.0,91.0,1,0
Guatemala,1998,1.0,0.0,91.0,1,0
Guatemala,2000,0.0,0.0,91.0,0,1
Guatemala,2001,5.0,0.0,91.0,1,1
Guatemala,2002,2.0,0.0,91.0,1,0
Guatemala,2004,1.0,0.0,91.0,1,0
Guatemala,2005,58.0,0.0,91.0,1,0
Guatemala,2007,6.0,0.0,91.0,1,0
Guatemala,2008,41.0,0.0,91.0,1,1
Guatemala,2009,1.0,0.0,91.0,1,1
Guatemala,2011,36.0,0.0,91.0,1,0
Guatemala,2015,24.0,0.0,91.0,1,0
Guatemala,2016,2.0,0.0,91.0,1,0
Guatemala,2021,1.0,0.0,91.0,1,1
Guatemala,2022,13.0,0.0,91.0,1,1
Guatemala,2023,10.0,0.0,91.0,1,0
Guatemala,2024,29.0,0.0,91.0,1,0
Guinea,1994,0.0,0.0,91.0,0,0
Guinea,1996,27.0,0.0,91.0,1,0
Guinea,1998,12.0,0.0,91.0,1,0
Guinea,1999,13.0,0.0,91.0,1,0
Guinea,2000,256.0,0.0,91.0,1,1
Guinea,2001,430.0,0.0,91.0,1,1
Guinea,2005,3.0,0.0,91.0,1,0
Guinea,2006,15.0,0.0,91.0,1,0
Guinea,2007,45.0,0.0,91.0,1,0
Guinea,2009,160.0,0.0,91.0,1,1
Guinea,2010,1.0,0.0,91.0,1,0
Guinea,2011,25.0,0.0,91.0,1,0
Guinea,2012,9.0,0.0,91.0,1,0
Guinea,2013,98.0,0.0,91.0,1,0
Guinea,2015,3.0,0.0,91.0,1,0
Guinea,2019,1.0,0.0,91.0,1,0
Guinea,2020,49.0,0.0,91.0,1,1
Guinea,2021,1.0,0.0,91.0,1,1
Guinea-Bissau,1992,2.0,0.0,91.0,1,0
Guinea-Bissau,1998,505.0,0.0,91.0,1,0
Guinea-Bissau,1999,199.0,0.0,91.0,1,0
Guinea-Bissau,2000,0.0,0.0,91.0,0,1
Guyana,2008,29.0,0.0,91.0,1,1
Haiti,1989,48.0,0.0,91.0,1,0
Haiti,1990,2.0,0.0,91.0,1,0
Haiti,1991,270.0,0.0,91.0,1,0
Haiti,1993,37.0,0.0,91.0,1,0
Haiti,1994,44.0,0.0,91.0,1,0
Haiti,1995,1.0,0.0,91.0,1,0
Haiti,1999,11.0,0.0,91.0,1,0
Haiti,2004,231.0,0.0,91.0,1,0
Haiti,2005,40.0,0.0,91.0,1,0
Haiti,2017,8.0,0.0,91.0,1,0
Haiti,2018,71.0,0.0,91.0,1,0
Haiti,2019,1.0,0.0,91.0,1,0
Haiti,2020,166.0,0.0,91.0,1,1
Haiti,2021,140.0,0.0,91.0,1,1
Haiti,2022,236.0,0.0,91.0,1,1
Haiti,2023,454.0,0.0,91.0,1,0
Haiti,2024,1294.0,0.0,91.0,1,0
High-income,2015,0.0,0.0,91.0,0,0
High-income,2015,0.0,0.0,88.4,0,0
High-income,2016,0.0,0.0,91.9,0,0
High-income,2016,0.0,0.0,89.6,0,0
High-income,2017,0.0,0.0,93.0,0,0
High-income,2018,0.0,0.0,94.2,0,0
High-income,2020,0.0,0.0,92.9,0,1
High-income,2021,0.0,0.0,93.7,0,1
High-income,2022,0.0,0.0,94.6,0,1
High-income,2023,0.0,0.0,95.7,0,0
High-income,2025,0.0,0.0,85.2,0,0
Honduras,1999,9.0,0.0,33.3,1,0
Honduras,2000,6.0,0.0,33.3,1,1
Honduras,2002,1.0,0.0,33.3,1,0
Honduras,2003,40.0,0.0,33.3,1,0
Honduras,2004,30.0,0.0,33.3,1,0
Honduras,2010,44.0,0.0,33.3,1,0
Honduras,2012,18.0,0.0,33.3,1,0
Honduras,2013,6.0,0.0,33.3,1,0
Honduras,2014,21.0,0.0,33.3,1,0
Honduras,2015,71.0,0.0,33.3,1,0
Honduras,2016,10.0,0.0,33.3,1,0
Honduras,2018,2.0,0.0,33.3,1,0
Honduras,2019,40.0,0.0,33.3,1,0
Honduras,2020,1.0,0.0,33.3,1,1
Honduras,2021,10.0,0.0,33.3,1,1
Honduras,2022,6.0,0.0,33.3,1,1
Honduras,2023,105.0,0.0,33.3,1,0
Honduras,2024,5.0,0.0,33.3,1,0
Hungary,2016,0.0,1263811.936,33.3,0,0
Hungary,2017,0.0,1303547.059,33.3,0,0
Hungary,2018,0.0,1774031.582,33.3,0,0
Hungary,2019,0.0,1555643.912,33.3,0,0
Hungary,2020,0.0,1524310.223,33.3,0,1
Hungary,2021,0.0,1501265.117,33.3,0,1
Hungary,2022,0.0,1522040.034,33.3,0,1
Hungary,2023,0.0,2415691.359,33.3,0,0
Iceland,2017,0.0,28921.145,33.3,0,0
Iceland,2018,0.0,32196.364,33.3,0,0
Iceland,2019,0.0,56476.853,33.3,0,0
India,1989,1852.0,0.0,33.3,1,0
India,1990,4801.0,0.0,33.3,1,0
India,1991,3724.0,0.0,33.3,1,0
India,1992,4163.0,0.0,33.3,1,0
India,1993,2326.0,0.0,33.3,1,0
India,1994,1435.0,0.0,33.3,1,0
India,1995,1079.0,0.0,33.3,1,0
India,1996,1333.0,0.0,33.3,1,0
India,1997,1448.0,0.0,33.3,1,0
India,1998,1623.0,0.0,33.3,1,0
India,1999,2563.0,0.0,33.3,1,0
India,2000,4103.0,0.0,33.3,1,1
India,2001,1931.0,0.0,33.3,1,1
India,2002,3031.0,0.0,33.3,1,0
India,2003,2442.0,0.0,33.3,1,0
India,2004,2527.0,0.0,33.3,1,0
India,2005,2015.0,0.0,33.3,1,0
India,2006,2155.0,0.0,33.3,1,0
India,2007,1775.0,0.0,33.3,1,0
India,2008,1863.0,0.0,33.3,1,1
India,2009,1621.0,0.0,33.3,1,1
India,2010,1633.0,0.0,33.3,1,0
India,2011,798.0,0.0,33.3,1,0
India,2012,801.0,0.0,33.3,1,0
India,2013,702.0,0.0,33.3,1,0
India,2014,734.0,0.0,33.3,1,0
India,2015,622.0,0.0,33.3,1,0
India,2016,762.0,0.0,33.3,1,0
India,2017,847.0,0.0,33.3,1,0
India,2018,952.0,0.0,33.3,1,0
India,2019,734.0,0.0,33.3,1,0
India,2020,754.0,0.0,33.3,1,1
India,2021,521.0,0.0,33.3,1,1
India,2022,393.0,0.0,33.3,1,1
India,2023,406.0,0.0,33.3,1,0
India,2024,552.0,0.0,33.3,1,0
Indonesia,1989,7.0,0.0,33.3,1,0
Indonesia,1990,200.0,0.0,33.3,1,0
Indonesia,1991,429.0,0.0,33.3,1,0
Indonesia,1992,53.0,0.0,33.3,1,0
Indonesia,1993,27.0,0.0,33.3,1,0
Indonesia,1994,12.0,0.0,33.3,1,0
Indonesia,1995,63.0,0.0,33.3,1,0
Indonesia,1996,36.0,0.0,33.3,1,0
Indonesia,1997,441.0,0.0,33.3,1,0
Indonesia,1998,141.0,0.0,33.3,1,0
Indonesia,1999,2421.0,0.0,33.3,1,0
Indonesia,2000,917.0,0.0,33.3,1,1
Indonesia,2001,884.0,0.0,33.3,1,1
Indonesia,2002,762.0,0.0,33.3,1,0
Indonesia,2003,1069.0,0.0,33.3,1,0
Indonesia,2004,1082.0,0.0,33.3,1,0
Indonesia,2005,242.0,0.0,33.3,1,0
Indonesia,2006,13.0,0.0,33.3,1,0
Indonesia,2007,2.0,0.0,33.3,1,0
Indonesia,2008,6.0,0.0,33.3,1,1
Indonesia,2011,9.0,0.0,33.3,1,0
Indonesia,2012,1.0,0.0,33.3,1,0
Indonesia,2013,20.0,0.0,33.3,1,0
Indonesia,2014,12.0,0.0,33.3,1,0
Indonesia,2015,4.0,0.0,33.3,1,0
Indonesia,2017,2.0,0.0,33.3,1,0
Indonesia,2018,37.0,7899.46,33.3,1,0
Indonesia,2019,41.0,0.0,33.3,1,0
Indonesia,2020,35.0,0.0,33.3,1,1
Indonesia,2021,68.0,0.0,33.3,1,1
Indonesia,2022,64.0,52727.791,33.3,1,1
Indonesia,2023,94.0,85421.005,33.3,1,0
Indonesia,2024,77.0,0.0,33.3,1,0
Iran,1990,31.0,0.0,33.3,1,0
Iran,1991,44.0,0.0,33.3,1,0
Iran,1992,4.0,0.0,33.3,1,0
Iran,1993,153.0,0.0,33.3,1,0
Iran,1994,16.0,0.0,33.3,1,0
Iran,1995,17.0,0.0,33.3,1,0
Iran,1996,34.0,0.0,33.3,1,0
Iran,1997,37.0,0.0,33.3,1,0
Iran,1998,13.0,0.0,33.3,1,0
Iran,1999,19.0,0.0,33.3,1,0
Iran,2000,41.0,0.0,33.3,1,1
Iran,2001,112.0,0.0,33.3,1,1
Iran,2003,2.0,0.0,33.3,1,0
Iran,2005,54.0,0.0,33.3,1,0
Iran,2006,61.0,0.0,33.3,1,0
Iran,2007,86.0,0.0,33.3,1,0
Iran,2008,118.0,0.0,33.3,1,1
Iran,2009,208.0,0.0,33.3,1,1
Iran,2010,101.0,0.0,33.3,1,0
Iran,2011,220.0,0.0,33.3,1,0
Iran,2012,17.0,0.0,33.3,1,0
Iran,2013,11.0,0.0,33.3,1,0
Iran,2014,5.0,0.0,33.3,1,0
Iran,2015,25.0,0.0,33.3,1,0
Iran,2016,69.0,0.0,33.3,1,0
Iran,2017,58.0,0.0,33.3,1,0
Iran,2018,92.0,0.0,33.3,1,0
Iran,2019,313.0,0.0,33.3,1,0
Iran,2020,246.0,0.0,33.3,1,1
Iran,2021,82.0,0.0,33.3,1,1
Iran,2022,251.0,0.0,33.3,1,1
Iran,2023,43.0,0.0,33.3,1,0
Iran,2024,222.0,0.0,33.3,1,0
Iraq,1989,50.0,0.0,33.3,1,0
Iraq,1990,117.0,0.0,33.3,1,0
Iraq,1991,24501.0,0.0,33.3,1,0
Iraq,1992,846.0,0.0,33.3,1,0
Iraq,1993,368.0,0.0,33.3,1,0
Iraq,1994,995.0,0.0,33.3,1,0
Iraq,1995,1537.0,0.0,33.3,1,0
Iraq,1996,832.0,0.0,33.3,1,0
Iraq,1997,1628.0,0.0,33.3,1,0
Iraq,1998,96.0,0.0,33.3,1,0
Iraq,1999,308.0,0.0,33.3,1,0
Iraq,2000,193.0,0.0,33.3,1,1
Iraq,2001,56.0,0.0,33.3,1,1
Iraq,2002,111.0,0.0,33.3,1,0
Iraq,2003,8021.0,0.0,33.3,1,0
Iraq,2004,4366.0,0.0,33.3,1,0
Iraq,2005,3521.0,0.0,33.3,1,0
Iraq,2006,4598.0,0.0,33.3,1,0
Iraq,2007,4489.0,0.0,33.3,1,0
Iraq,2008,2765.0,0.0,33.3,1,1
Iraq,2009,1720.0,0.0,33.3,1,1
Iraq,2010,1857.0,0.0,33.3,1,0
Iraq,2011,1365.0,0.0,33.3,1,0
Iraq,2012,1407.0,0.0,33.3,1,0
Iraq,2013,4010.0,0.0,33.3,1,0
Iraq,2014,16437.0,0.0,33.3,1,0
Iraq,2015,11304.0,0.0,33.3,1,0
Iraq,2016,12025.0,0.0,33.3,1,0
Iraq,2017,11417.0,0.0,33.3,1,0
Iraq,2018,1448.0,0.0,33.3,1,0
Iraq,2019,960.0,0.0,33.3,1,0
Iraq,2020,945.0,0.0,33.3,1,1
Iraq,2021,1014.0,0.0,33.3,1,1
Iraq,2022,1027.0,0.0,33.3,1,1
Iraq,2023,498.0,0.0,33.3,1,0
Iraq,2024,409.0,0.0,33.3,1,0
Israel,1989,93.0,0.0,33.3,1,0
Israel,1990,43.0,0.0,33.3,1,0
Israel,1991,47.0,0.0,33.3,1,0
Israel,1992,72.0,0.0,33.3,1,0
Israel,1993,88.0,0.0,33.3,1,0
Israel,1994,116.0,0.0,33.3,1,0
Israel,1995,78.0,0.0,33.3,1,0
Israel,1996,132.0,0.0,33.3,1,0
Israel,1997,25.0,0.0,33.3,1,0
Israel,1998,6.0,0.0,33.3,1,0
Israel,1999,2.0,0.0,33.3,1,0
Israel,2000,109.0,0.0,33.3,1,1
Israel,2001,356.0,0.0,33.3,1,1
Israel,2002,892.0,0.0,33.3,1,0
Israel,2003,468.0,0.0,33.3,1,0
Israel,2004,522.0,0.0,33.3,1,0
Israel,2005,214.0,0.0,33.3,1,0
Israel,2006,557.0,0.0,33.3,1,0
Israel,2007,538.0,0.0,33.3,1,0
Israel,2008,738.0,0.0,33.3,1,1
Israel,2009,751.0,0.0,33.3,1,1
Israel,2010,75.0,0.0,33.3,1,0
Israel,2011,102.0,0.0,33.3,1,0
Israel,2012,253.0,0.0,33.3,1,0
Israel,2013,12.0,0.0,33.3,1,0
Israel,2014,2411.0,0.0,33.3,1,0
Israel,2015,16.0,0.0,33.3,1,0
Israel,2016,11.0,0.0,33.3,1,0
Israel,2017,25.0,0.0,33.3,1,0
Israel,2018,75.0,0.0,33.3,1,0
Israel,2019,83.0,0.0,33.3,1,0
Israel,2020,8.0,0.0,33.3,1,1
Israel,2021,280.0,0.0,33.3,1,1
Israel,2022,98.0,0.0,33.3,1,1
Israel,2023,27434.0,0.0,33.3,1,0
Israel,2024,21476.0,0.0,33.3,1,0
Italy,1993,0.0,0.0,33.3,0,0
Ivory Coast,1990,9.0,0.0,33.3,1,0
Ivory Coast,1991,0.0,0.0,33.3,0,0
Ivory Coast,1993,1.0,0.0,33.3,1,0
Ivory Coast,1994,4.0,0.0,33.3,1,0
Ivory Coast,1995,37.0,0.0,33.3,1,0
Ivory Coast,1996,35.0,0.0,33.3,1,0
Ivory Coast,1998,0.0,0.0,33.3,0,0
Ivory Coast,1999,0.0,0.0,33.3,0,0
Ivory Coast,2000,132.0,0.0,33.3,1,1
Ivory Coast,2001,2.0,0.0,33.3,1,1
Ivory Coast,2002,1063.0,0.0,33.3,1,0
Ivory Coast,2003,493.0,0.0,33.3,1,0
Ivory Coast,2004,304.0,0.0,33.3,1,0
Ivory Coast,2005,153.0,0.0,33.3,1,0
Ivory Coast,2006,11.0,0.0,33.3,1,0
Ivory Coast,2007,3.0,0.0,33.3,1,0
Ivory Coast,2008,4.0,0.0,33.3,1,1
Ivory Coast,2009,1.0,0.0,33.3,1,1
Ivory Coast,2010,80.0,0.0,33.3,1,0
Ivory Coast,2011,1256.0,0.0,33.3,1,0
Ivory Coast,2012,21.0,0.0,33.3,1,0
Ivory Coast,2013,4.0,0.0,33.3,1,0
Ivory Coast,2016,49.0,0.0,33.3,1,0
Ivory Coast,2020,3.0,0.0,33.3,1,1
Jamaica,1989,1.0,0.0,33.3,1,0
Jamaica,1994,5.0,0.0,33.3,1,0
Jamaica,2001,116.0,0.0,33.3,1,1
Jamaica,2002,22.0,0.0,33.3,1,0
Jordan,1992,1.0,0.0,33.3,1,0
Jordan,2005,59.0,0.0,33.3,1,0
Jordan,2015,1.0,0.0,33.3,1,0
Jordan,2016,37.0,0.0,33.3,1,0
Jordan,2024,3.0,0.0,33.3,1,0
Kazakhstan,2022,0.0,13820.382,33.3,0,1
Kazakhstan,2023,0.0,17815.926,33.3,0,0
Kazakhstan,2024,0.0,24042.649,33.3,0,0
Kenya,1989,63.0,0.0,33.3,1,0
Kenya,1990,7.0,0.0,33.3,1,0
Kenya,1991,17.0,0.0,33.3,1,0
Kenya,1992,159.0,0.0,33.3,1,0
Kenya,1993,287.0,0.0,33.3,1,0
Kenya,1994,34.0,0.0,33.3,1,0
Kenya,1995,60.0,0.0,33.3,1,0
Kenya,1996,170.0,0.0,33.3,1,0
Kenya,1997,212.0,0.0,33.3,1,0
Kenya,1998,322.0,0.0,33.3,1,0
Kenya,1999,229.0,0.0,33.3,1,0
Kenya,2000,261.0,0.0,33.3,1,1
Kenya,2001,192.0,0.0,33.3,1,1
Kenya,2002,45.0,0.0,33.3,1,0
Kenya,2003,7.0,0.0,33.3,1,0
Kenya,2004,20.0,0.0,33.3,1,0
Kenya,2005,215.0,0.0,33.3,1,0
Kenya,2006,219.0,0.0,33.3,1,0
Kenya,2007,200.0,0.0,33.3,1,0
Kenya,2008,783.0,0.0,33.3,1,1
Kenya,2009,170.0,0.0,33.3,1,1
Kenya,2010,87.0,0.0,33.3,1,0
Kenya,2011,144.0,0.0,33.3,1,0
Kenya,2012,309.0,0.0,33.3,1,0
Kenya,2013,267.0,0.0,33.3,1,0
Kenya,2014,344.0,0.0,33.3,1,0
Kenya,2015,389.0,0.0,33.3,1,0
Kenya,2016,130.0,0.0,33.3,1,0
Kenya,2017,228.0,0.0,33.3,1,0
Kenya,2018,164.0,0.0,33.3,1,0
Kenya,2019,188.0,0.0,33.3,1,0
Kenya,2020,151.0,0.0,33.3,1,1
Kenya,2021,135.0,0.0,33.3,1,1
Kenya,2022,101.0,0.0,33.3,1,1
Kenya,2023,224.0,0.0,33.3,1,0
Kenya,2024,112.0,0.0,33.3,1,0
Kingdom of eSwatini (Swaziland),1989,2.0,0.0,33.3,1,0
Kingdom of eSwatini (Swaziland),2019,1.0,0.0,33.3,1,0
Kingdom of eSwatini (Swaziland),2020,2.0,0.0,33.3,1,1
Kingdom of eSwatini (Swaziland),2021,48.0,0.0,33.3,1,1
Kingdom of eSwatini (Swaziland),2022,2.0,0.0,33.3,1,1
Kingdom of eSwatini (Swaziland),2023,3.0,0.0,33.3,1,0
Kuwait,1990,1329.0,0.0,33.3,1,0
Kuwait,1991,460.0,0.0,33.3,1,0
Kuwait,1996,1.0,0.0,33.3,1,0
Kuwait,2015,26.0,0.0,33.3,1,0
Kyrgyzstan,1999,14.0,0.0,33.3,1,0
Kyrgyzstan,2000,174.0,0.0,33.3,1,1
Kyrgyzstan,2006,6.0,0.0,33.3,1,0
Kyrgyzstan,2010,44.0,0.0,33.3,1,0
Kyrgyzstan,2015,1.0,0.0,33.3,1,0
Kyrgyzstan,2021,40.0,0.0,33.3,1,1
Kyrgyzstan,2022,68.0,0.0,33.3,1,1
Land Locked Developing Countries (LLDCs),2015,0.0,0.0,33.3,0,0
Land Locked Developing Countries (LLDCs),2015,0.0,0.0,25.0,0,0
Land Locked Developing Countries (LLDCs),2016,0.0,0.0,34.7,0,0
Land Locked Developing Countries (LLDCs),2016,0.0,0.0,26.7,0,0
Land Locked Developing Countries (LLDCs),2017,0.0,0.0,35.6,0,0
Land Locked Developing Countries (LLDCs),2018,0.0,0.0,37.6,0,0
Land Locked Developing Countries (LLDCs),2020,0.0,0.0,55.9,0,1
Land Locked Developing Countries (LLDCs),2021,0.0,0.0,56.7,0,1
Land Locked Developing Countries (LLDCs),2022,0.0,0.0,57.1,0,1
Land Locked Developing Countries (LLDCs),2023,0.0,0.0,59.5,0,0
Land Locked Developing Countries (LLDCs),2025,0.0,0.0,22.7,0,0
Laos,1989,30.0,0.0,28.2,1,0
Laos,1990,255.0,0.0,28.2,1,0
Laos,1993,3.0,0.0,28.2,1,0
Laos,1997,2.0,0.0,28.2,1,0
Laos,1999,2.0,0.0,28.2,1,0
Laos,2000,7.0,0.0,28.2,1,1
Laos,2002,4.0,0.0,28.2,1,0
Laos,2003,5.0,0.0,28.2,1,0
Laos,2004,4.0,0.0,28.2,1,0
Laos,2006,73.0,0.0,28.2,1,0
Least Developed Countries (LDCs),2015,0.0,0.0,28.2,0,0
Least Developed Countries (LDCs),2015,0.0,0.0,22.9,0,0
Least Developed Countries (LDCs),2016,0.0,0.0,29.9,0,0
Least Developed Countries (LDCs),2016,0.0,0.0,24.9,0,0
Least Developed Countries (LDCs),2017,0.0,0.0,31.4,0,0
Least Developed Countries (LDCs),2018,0.0,0.0,33.7,0,0
Least Developed Countries (LDCs),2020,0.0,0.0,44.7,0,1
Least Developed Countries (LDCs),2021,0.0,0.0,46.0,0,1
Least Developed Countries (LDCs),2022,0.0,0.0,47.2,0,1
Least Developed Countries (LDCs),2023,0.0,0.0,50.1,0,0
Least Developed Countries (LDCs),2025,0.0,0.0,19.8,0,0
Lebanon,1989,1097.0,0.0,21.2,1,0
Lebanon,1990,1903.0,0.0,21.2,1,0
Lebanon,1991,68.0,0.0,21.2,1,0
Lebanon,1992,132.0,0.0,21.2,1,0
Lebanon,1993,165.0,0.0,21.2,1,0
Lebanon,1994,144.0,0.0,21.2,1,0
Lebanon,1995,126.0,0.0,21.2,1,0
Lebanon,1996,214.0,0.0,21.2,1,0
Lebanon,1997,105.0,0.0,21.2,1,0
Lebanon,1998,85.0,0.0,21.2,1,0
Lebanon,1999,74.0,0.0,21.2,1,0
Lebanon,2000,59.0,0.0,21.2,1,1
Lebanon,2001,4.0,0.0,21.2,1,1
Lebanon,2002,0.0,0.0,21.2,0,0
Lebanon,2003,1.0,0.0,21.2,1,0
Lebanon,2005,3.0,0.0,21.2,1,0
Lebanon,2006,1194.0,0.0,21.2,1,0
Lebanon,2008,38.0,0.0,21.2,1,1
Lebanon,2011,4.0,0.0,21.2,1,0
Lebanon,2012,53.0,0.0,21.2,1,0
Lebanon,2013,179.0,0.0,21.2,1,0
Lebanon,2014,231.0,0.0,21.2,1,0
Lebanon,2015,200.0,0.0,21.2,1,0
Lebanon,2016,56.0,0.0,21.2,1,0
Lebanon,2017,297.0,0.0,21.2,1,0
Lebanon,2018,2.0,0.0,21.2,1,0
Lebanon,2020,20.0,0.0,21.2,1,1
Lebanon,2023,123.0,0.0,21.2,1,0
Lebanon,2024,4339.0,0.0,21.2,1,0
Lesotho,1998,78.0,0.0,21.2,1,0
Liberia,1989,45.0,0.0,21.2,1,0
Liberia,1990,3729.0,0.0,21.2,1,0
Liberia,1991,578.0,0.0,21.2,1,0
Liberia,1992,453.0,0.0,21.2,1,0
Liberia,1993,2673.0,0.0,21.2,1,0
Liberia,1994,4167.0,0.0,21.2,1,0
Liberia,1995,2290.0,0.0,21.2,1,0
Liberia,1996,3077.0,0.0,21.2,1,0
Liberia,1997,13.0,0.0,21.2,1,0
Liberia,1998,13.0,0.0,21.2,1,0
Liberia,1999,70.0,0.0,21.2,1,0
Liberia,2000,101.0,0.0,21.2,1,1
Liberia,2001,481.0,0.0,21.2,1,1
Liberia,2002,2259.0,0.0,21.2,1,0
Liberia,2003,3281.0,0.0,21.2,1,0
Liberia,2019,1.0,0.0,21.2,1,0
Liberia,2020,2.0,0.0,21.2,1,1
Liberia,2024,1.0,0.0,21.2,1,0
Libya,2008,6.0,0.0,21.2,1,1
Libya,2011,3914.0,0.0,21.2,1,0
Libya,2012,378.0,0.0,21.2,1,0
Libya,2013,36.0,0.0,21.2,1,0
Libya,2014,1455.0,0.0,21.2,1,0
Libya,2015,1594.0,0.0,21.2,1,0
Libya,2016,2349.0,0.0,21.2,1,0
Libya,2017,1096.0,0.0,21.2,1,0
Libya,2018,670.0,0.0,21.2,1,0
Libya,2019,1786.0,0.0,21.2,1,0
Libya,2020,690.0,0.0,21.2,1,1
Libya,2021,12.0,0.0,21.2,1,1
Libya,2022,13.0,0.0,21.2,1,1
Libya,2023,2.0,0.0,21.2,1,0
Libya,2024,2.0,0.0,21.2,1,0
Lithuania,2016,0.0,302806.645,21.2,0,0
Lithuania,2017,0.0,271061.351,21.2,0,0
Lithuania,2018,0.0,482649.019,21.2,0,0
Lithuania,2019,0.0,349061.093,21.2,0,0
Lithuania,2020,0.0,549150.771,21.2,0,1
Lithuania,2021,0.0,779414.042,21.2,0,1
Lithuania,2022,0.0,499800.049,21.2,0,1
Lithuania,2023,0.0,719287.897,21.2,0,0
Low-income,2015,0.0,0.0,21.2,0,0
Low-income,2015,0.0,0.0,13.2,0,0
Low-income,2016,0.0,0.0,22.0,0,0
Low-income,2016,0.0,0.0,13.7,0,0
Low-income,2017,0.0,0.0,22.5,0,0
Low-income,2018,0.0,0.0,23.4,0,0
Low-income,2020,0.0,0.0,36.0,0,1
Low-income,2021,0.0,0.0,36.9,0,1
Low-income,2022,0.0,0.0,37.4,0,1
Low-income,2023,0.0,0.0,39.0,0,0
Low-income,2025,0.0,0.0,12.4,0,0
Lower-middle-income,2015,0.0,0.0,52.3,0,0
Lower-middle-income,2015,0.0,0.0,49.4,0,0
Lower-middle-income,2016,0.0,0.0,55.4,0,0
Lower-middle-income,2016,0.0,0.0,53.2,0,0
Lower-middle-income,2017,0.0,0.0,58.9,0,0
Lower-middle-income,2018,0.0,0.0,62.9,0,0
Lower-middle-income,2020,0.0,0.0,67.5,0,1
Lower-middle-income,2021,0.0,0.0,70.0,0,1
Lower-middle-income,2022,0.0,0.0,72.8,0,1
Lower-middle-income,2023,0.0,0.0,77.0,0,0
Lower-middle-income,2025,0.0,0.0,42.3,0,0
Luxembourg,2016,0.0,53155.698,60.1,0,0
Luxembourg,2017,0.0,59254.375,60.1,0,0
Luxembourg,2018,0.0,75097.011,60.1,0,0
Luxembourg,2019,0.0,77508.159,60.1,0,0
Luxembourg,2020,0.0,78285.549,60.1,0,1
Luxembourg,2021,0.0,123285.302,60.1,0,1
Luxembourg,2022,0.0,126617.937,60.1,0,1
Luxembourg,2023,0.0,114766.393,60.1,0,0
Madagascar,2002,79.0,0.0,60.1,1,0
Madagascar,2009,113.0,0.0,60.1,1,1
Madagascar,2012,15.0,0.0,60.1,1,0
Madagascar,2017,1.0,0.0,60.1,1,0
Madagascar,2019,3.0,0.0,60.1,1,0
Madagascar,2020,23.0,0.0,60.1,1,1
Malaysia,2013,70.0,0.0,60.1,1,0
Malaysia,2015,0.0,896204.009,60.1,0,0
Malaysia,2017,1.0,924146.407,60.1,1,0
Malaysia,2019,0.0,1458237.326,60.1,0,0
Malaysia,2021,0.0,2134822.031,60.1,0,1
Malaysia,2022,0.0,2192337.563,60.1,0,1
Malaysia,2023,0.0,2196368.904,60.1,0,0
Mali,1990,582.0,0.0,60.1,1,0
Mali,1991,247.0,0.0,60.1,1,0
Mali,1992,86.0,0.0,60.1,1,0
Mali,1993,0.0,0.0,60.1,0,0
Mali,1994,729.0,0.0,60.1,1,0
Mali,1995,4.0,0.0,60.1,1,0
Mali,1997,22.0,0.0,60.1,1,0
Mali,1999,59.0,0.0,60.1,1,0
Mali,2002,5.0,0.0,60.1,1,0
Mali,2004,20.0,0.0,60.1,1,0
Mali,2005,12.0,0.0,60.1,1,0
Mali,2007,39.0,0.0,60.1,1,0
Mali,2008,113.0,0.0,60.1,1,1
Mali,2009,127.0,0.0,60.1,1,1
Mali,2010,28.0,0.0,60.1,1,0
Mali,2011,23.0,0.0,60.1,1,0
Mali,2012,359.0,0.0,60.1,1,0
Mali,2013,881.0,0.0,60.1,1,0
Mali,2014,291.0,0.0,60.1,1,0
Mali,2015,256.0,0.0,60.1,1,0
Mali,2016,198.0,0.0,60.1,1,0
Mali,2017,612.0,0.0,60.1,1,0
Mali,2018,1281.0,0.0,60.1,1,0
Mali,2019,1227.0,0.0,60.1,1,0
Mali,2020,1543.0,0.0,60.1,1,1
Mali,2021,1287.0,0.0,60.1,1,1
Mali,2022,3656.0,0.0,60.1,1,1
Mali,2023,2118.0,0.0,60.1,1,0
Mali,2024,1901.0,0.0,60.1,1,0
Malta,1995,0.0,0.0,60.1,0,0
Malta,2016,0.0,27102.346,60.1,0,0
Malta,2017,0.0,8006.481,60.1,0,0
Malta,2018,0.0,9094.01,60.1,0,0
Malta,2019,0.0,41369.819,60.1,0,0
Malta,2020,0.0,54881.665,60.1,0,1
Malta,2021,0.0,64974.677,60.1,0,1
Malta,2022,0.0,47683.949,60.1,0,1
Malta,2023,0.0,45253.699,60.1,0,0
Mauritania,1989,128.0,0.0,60.1,1,0
Mauritania,1990,29.0,0.0,60.1,1,0
Mauritania,1992,0.0,0.0,60.1,0,0
Mauritania,2007,4.0,0.0,60.1,1,0
Mauritania,2008,12.0,0.0,60.1,1,1
Mauritania,2009,1.0,0.0,60.1,1,1
Mauritania,2010,1.0,0.0,60.1,1,0
Mauritania,2011,13.0,0.0,60.1,1,0
Mauritania,2012,1.0,0.0,60.1,1,0
Mauritania,2019,1.0,0.0,60.1,1,0
Mauritania,2020,0.0,0.0,60.1,0,1
Mauritania,2023,6.0,0.0,60.1,1,0
Mauritania,2024,3.0,0.0,60.1,1,0
Mexico,1989,3.0,0.0,60.1,1,0
Mexico,1990,4.0,0.0,60.1,1,0
Mexico,1992,16.0,0.0,60.1,1,0
Mexico,1993,34.0,0.0,60.1,1,0
Mexico,1994,153.0,0.0,60.1,1,0
Mexico,1995,22.0,0.0,60.1,1,0
Mexico,1996,43.0,0.0,60.1,1,0
Mexico,1997,58.0,0.0,60.1,1,0
Mexico,1998,7.0,0.0,60.1,1,0
Mexico,2002,27.0,0.0,60.1,1,0
Mexico,2004,220.0,0.0,60.1,1,0
Mexico,2005,204.0,0.0,60.1,1,0
Mexico,2006,670.0,0.0,60.1,1,0
Mexico,2007,1946.0,0.0,60.1,1,0
Mexico,2008,3743.0,0.0,60.1,1,1
Mexico,2009,5607.0,0.0,60.1,1,1
Mexico,2010,6215.0,0.0,60.1,1,0
Mexico,2011,4945.0,0.0,60.1,1,0
Mexico,2012,5966.0,0.0,60.1,1,0
Mexico,2013,4478.0,0.0,60.1,1,0
Mexico,2014,3357.0,0.0,60.1,1,0
Mexico,2015,4527.0,0.0,60.1,1,0
Mexico,2016,4306.0,0.0,60.1,1,0
Mexico,2017,9725.0,0.0,60.1,1,0
Mexico,2018,11247.0,0.0,60.1,1,0
Mexico,2019,10486.0,0.0,60.1,1,0
Mexico,2020,13431.0,0.0,60.1,1,1
Mexico,2021,15119.0,0.0,60.1,1,1
Mexico,2022,12555.0,0.0,60.1,1,1
Mexico,2023,10899.0,0.0,60.1,1,0
Mexico,2024,11022.0,0.0,60.1,1,0
Moldova,1992,585.0,0.0,60.1,1,0
Morocco,1989,207.0,0.0,60.1,1,0
Morocco,1991,19.0,0.0,60.1,1,0
Morocco,2003,34.0,0.0,60.1,1,0
Morocco,2011,17.0,0.0,60.1,1,0
Morocco,2020,2.0,0.0,60.1,1,1
Morocco,2021,6.0,0.0,60.1,1,1
Morocco,2022,14.0,0.0,60.1,1,1
Morocco,2023,5.0,0.0,60.1,1,0
Morocco,2024,7.0,0.0,60.1,1,0
Mozambique,1989,1552.0,0.0,60.1,1,0
Mozambique,1990,1759.0,0.0,60.1,1,0
Mozambique,1991,1961.0,0.0,60.1,1,0
Mozambique,1992,521.0,0.0,60.1,1,0
Mozambique,1993,2.0,0.0,60.1,1,0
Mozambique,1994,2.0,0.0,60.1,1,0
Mozambique,1995,1.0,0.0,60.1,1,0
Mozambique,2004,1.0,0.0,60.1,1,0
Mozambique,2005,13.0,0.0,60.1,1,0
Mozambique,2010,7.0,0.0,60.1,1,0
Mozambique,2012,2.0,0.0,60.1,1,0
Mozambique,2013,45.0,0.0,60.1,1,0
Mozambique,2014,33.0,0.0,60.1,1,0
Mozambique,2016,68.0,0.0,60.1,1,0
Mozambique,2017,3.0,0.0,60.1,1,0
Mozambique,2018,171.0,0.0,60.1,1,0
Mozambique,2019,597.0,0.0,60.1,1,0
Mozambique,2020,1627.0,0.0,60.1,1,1
Mozambique,2021,1918.0,0.0,60.1,1,1
Mozambique,2022,717.0,0.0,60.1,1,1
Mozambique,2023,271.0,0.0,60.1,1,0
Mozambique,2024,522.0,0.0,60.1,1,0
Myanmar,1989,1534.0,0.0,60.1,1,0
Myanmar,1990,796.0,0.0,60.1,1,0
Myanmar,1991,1375.0,0.0,60.1,1,0
Myanmar,1992,1749.0,0.0,60.1,1,0
Myanmar,1993,145.0,0.0,60.1,1,0
Myanmar,1994,794.0,0.0,60.1,1,0
Myanmar,1995,1496.0,0.0,60.1,1,0
Myanmar,1996,591.0,0.0,60.1,1,0
Myanmar,1997,788.0,0.0,60.1,1,0
Myanmar,1998,581.0,0.0,60.1,1,0
Myanmar,1999,369.0,0.0,60.1,1,0
Myanmar,2000,748.0,0.0,60.1,1,1
Myanmar,2001,387.0,0.0,60.1,1,1
Myanmar,2002,543.0,0.0,60.1,1,0
Myanmar,2003,272.0,0.0,60.1,1,0
Myanmar,2004,177.0,0.0,60.1,1,0
Myanmar,2005,449.0,0.0,60.1,1,0
Myanmar,2006,452.0,0.0,60.1,1,0
Myanmar,2007,704.0,0.0,60.1,1,0
Myanmar,2008,102.0,0.0,60.1,1,1
Myanmar,2009,225.0,0.0,60.1,1,1
Myanmar,2010,185.0,0.0,60.1,1,0
Myanmar,2011,811.0,0.0,60.1,1,0
Myanmar,2012,971.0,0.0,60.1,1,0
Myanmar,2013,358.0,0.0,60.1,1,0
Myanmar,2014,256.0,0.0,60.1,1,0
Myanmar,2015,705.0,0.0,60.1,1,0
Myanmar,2016,183.0,0.0,60.1,1,0
Myanmar,2017,2395.0,0.0,60.1,1,0
Myanmar,2018,122.0,0.0,60.1,1,0
Myanmar,2019,587.0,0.0,60.1,1,0
Myanmar,2020,207.0,0.0,60.1,1,1
Myanmar,2021,1781.0,0.0,60.1,1,1
Myanmar,2022,2761.0,0.0,60.1,1,1
Myanmar,2023,3065.0,0.0,60.1,1,0
Myanmar,2024,2896.0,0.0,60.1,1,0
Namibia,1994,0.0,0.0,60.1,0,0
Namibia,1996,2.0,0.0,60.1,1,0
Namibia,1999,1.0,0.0,60.1,1,0
Namibia,2000,60.0,0.0,60.1,1,1
Namibia,2002,0.0,0.0,60.1,0,0
Nepal,1990,14.0,0.0,60.1,1,0
Nepal,1991,2.0,0.0,60.1,1,0
Nepal,1992,0.0,0.0,60.1,0,0
Nepal,1993,3.0,0.0,60.1,1,0
Nepal,1994,0.0,0.0,60.1,0,0
Nepal,1995,0.0,0.0,60.1,0,0
Nepal,1996,77.0,0.0,60.1,1,0
Nepal,1997,48.0,0.0,60.1,1,0
Nepal,1998,357.0,0.0,60.1,1,0
Nepal,1999,295.0,0.0,60.1,1,0
Nepal,2000,365.0,0.0,60.1,1,1
Nepal,2001,569.0,0.0,60.1,1,1
Nepal,2002,4432.0,0.0,60.1,1,0
Nepal,2003,1732.0,0.0,60.1,1,0
Nepal,2004,2456.0,0.0,60.1,1,0
Nepal,2005,1399.0,0.0,60.1,1,0
Nepal,2006,566.0,0.0,60.1,1,0
Nepal,2007,31.0,0.0,60.1,1,0
Nepal,2008,0.0,0.0,60.1,0,1
Nepal,2009,9.0,0.0,60.1,1,1
Nepal,2022,1.0,0.0,60.1,1,1
Netherlands,1990,2.0,0.0,60.1,1,0
Netherlands,2015,0.0,0.0,60.1,0,0
Netherlands,2016,0.0,3742001.906,60.1,0,0
Netherlands,2017,0.0,3438395.966,60.1,0,0
Netherlands,2018,0.0,4785683.25,60.1,0,0
Netherlands,2019,0.0,4696449.543,60.1,0,0
Netherlands,2020,0.0,6075442.444,60.1,0,1
Netherlands,2021,0.0,10535223.966,60.1,0,1
Netherlands,2022,0.0,8884484.01,60.1,0,1
Nicaragua,1989,526.0,0.0,60.1,1,0
Nicaragua,1990,39.0,0.0,60.1,1,0
Niger,1989,170.0,0.0,60.1,1,0
Niger,1990,200.0,0.0,60.1,1,0
Niger,1991,40.0,0.0,60.1,1,0
Niger,1992,29.0,0.0,60.1,1,0
Niger,1993,6.0,0.0,60.1,1,0
Niger,1994,50.0,0.0,60.1,1,0
Niger,1995,67.0,0.0,60.1,1,0
Niger,1996,14.0,0.0,60.1,1,0
Niger,1997,81.0,0.0,60.1,1,0
Niger,1998,147.0,0.0,60.1,1,0
Niger,2004,4.0,0.0,60.1,1,0
Niger,2007,98.0,0.0,60.1,1,0
Niger,2008,68.0,0.0,60.1,1,1
Niger,2012,1.0,0.0,60.1,1,0
Niger,2013,31.0,0.0,60.1,1,0
Niger,2014,5.0,0.0,60.1,1,0
Niger,2015,533.0,0.0,60.1,1,0
Niger,2016,299.0,0.0,60.1,1,0
Niger,2017,248.0,0.0,60.1,1,0
Niger,2018,181.0,0.0,60.1,1,0
Niger,2019,454.0,0.0,60.1,1,0
Niger,2020,820.0,0.0,60.1,1,1
Niger,2021,1130.0,0.0,60.1,1,1
Niger,2022,664.0,0.0,60.1,1,1
Niger,2023,513.0,0.0,60.1,1,0
Niger,2024,1222.0,0.0,60.1,1,0
Nigeria,1990,89.0,0.0,60.1,1,0
Nigeria,1991,380.0,0.0,60.1,1,0
Nigeria,1992,943.0,0.0,60.1,1,0
Nigeria,1993,1185.0,0.0,60.1,1,0
Nigeria,1994,90.0,0.0,60.1,1,0
Nigeria,1995,1.0,0.0,60.1,1,0
Nigeria,1996,87.0,0.0,60.1,1,0
Nigeria,1997,595.0,0.0,60.1,1,0
Nigeria,1998,357.0,0.0,60.1,1,0
Nigeria,1999,3519.0,0.0,60.1,1,0
Nigeria,2000,2104.0,0.0,60.1,1,1
Nigeria,2001,2437.0,0.0,60.1,1,1
Nigeria,2002,629.0,0.0,60.1,1,0
Nigeria,2003,449.0,0.0,60.1,1,0
Nigeria,2004,2136.0,0.0,60.1,1,0
Nigeria,2005,233.0,0.0,60.1,1,0
Nigeria,2006,231.0,0.0,60.1,1,0
Nigeria,2007,157.0,0.0,60.1,1,0
Nigeria,2008,432.0,0.0,60.1,1,1
Nigeria,2009,533.0,0.0,60.1,1,1
Nigeria,2010,980.0,0.0,60.1,1,0
Nigeria,2011,1831.0,0.0,60.1,1,0
Nigeria,2012,2022.0,0.0,60.1,1,0
Nigeria,2013,3391.0,0.0,60.1,1,0
Nigeria,2014,10346.0,0.0,60.1,1,0
Nigeria,2015,9121.0,0.0,60.1,1,0
Nigeria,2016,3949.0,0.0,60.1,1,0
Nigeria,2017,3589.0,0.0,60.1,1,0
Nigeria,2018,3243.0,0.0,60.1,1,0
Nigeria,2019,2455.0,0.0,60.1,1,0
Nigeria,2020,3079.0,0.0,60.1,1,1
Nigeria,2021,3171.0,0.0,60.1,1,1
Nigeria,2022,2917.0,0.0,60.1,1,1
Nigeria,2023,3971.0,0.0,60.1,1,0
Nigeria,2024,3170.0,0.0,60.1,1,0
North Macedonia,1999,6.0,0.0,60.1,1,0
North Macedonia,2000,3.0,0.0,60.1,1,1
North Macedonia,2001,72.0,0.0,60.1,1,1
North Macedonia,2019,0.0,0.0,60.1,0,0
North Macedonia,2020,0.0,0.274,60.1,0,1
North Macedonia,2021,0.0,0.0,60.1,0,1
Norway,2016,0.0,2419854.218,60.1,0,0
Norway,2017,0.0,2769907.98,60.1,0,0
Norway,2018,0.0,3592884.855,60.1,0,0
Norway,2019,0.0,2014635.213,60.1,0,0
Norway,2020,0.0,2871476.585,60.1,0,1
Norway,2021,0.0,2591379.245,60.1,0,1
Norway,2022,0.0,2379679.404,60.1,0,1
Norway,2023,0.0,3134311.157,60.1,0,0
Pakistan,1989,114.0,0.0,60.1,1,0
Pakistan,1990,386.0,0.0,60.1,1,0
Pakistan,1991,62.0,0.0,60.1,1,0
Pakistan,1992,72.0,0.0,60.1,1,0
Pakistan,1993,48.0,0.0,60.1,1,0
Pakistan,1994,169.0,0.0,60.1,1,0
Pakistan,1995,127.0,0.0,60.1,1,0
Pakistan,1996,64.0,0.0,60.1,1,0
Pakistan,1997,123.0,0.0,60.1,1,0
Pakistan,1998,121.0,0.0,60.1,1,0
Pakistan,1999,57.0,0.0,60.1,1,0
Pakistan,2000,59.0,0.0,60.1,1,1
Pakistan,2001,42.0,0.0,60.1,1,1
Pakistan,2002,170.0,0.0,60.1,1,0
Pakistan,2003,242.0,0.0,60.1,1,0
Pakistan,2004,430.0,0.0,60.1,1,0
Pakistan,2005,168.0,0.0,60.1,1,0
Pakistan,2006,427.0,0.0,60.1,1,0
Pakistan,2007,1380.0,0.0,60.1,1,0
Pakistan,2008,4621.0,0.0,60.1,1,1
Pakistan,2009,7512.0,0.0,60.1,1,1
Pakistan,2010,7251.0,0.0,60.1,1,0
Pakistan,2011,3475.0,0.0,60.1,1,0
Pakistan,2012,3583.0,0.0,60.1,1,0
Pakistan,2013,2914.0,0.0,60.1,1,0
Pakistan,2014,3639.0,0.0,60.1,1,0
Pakistan,2015,2454.0,0.0,60.1,1,0
Pakistan,2016,1100.0,0.0,60.1,1,0
Pakistan,2017,960.0,0.0,60.1,1,0
Pakistan,2018,483.0,0.0,60.1,1,0
Pakistan,2019,293.0,0.0,60.1,1,0
Pakistan,2020,409.0,0.0,60.1,1,1
Pakistan,2021,452.0,0.0,60.1,1,1
Pakistan,2022,719.0,0.0,60.1,1,1
Pakistan,2023,1178.0,0.0,60.1,1,0
Pakistan,2024,1885.0,0.0,60.1,1,0
Panama,1989,920.0,0.0,60.1,1,0
Panama,2009,1.0,0.0,60.1,1,1
Papua New Guinea,1989,14.0,0.0,60.1,1,0
Papua New Guinea,1990,61.0,0.0,60.1,1,0
Papua New Guinea,1991,29.0,0.0,60.1,1,0
Papua New Guinea,1992,61.0,0.0,60.1,1,0
Papua New Guinea,1993,40.0,0.0,60.1,1,0
Papua New Guinea,1994,26.0,0.0,60.1,1,0
Papua New Guinea,1995,33.0,0.0,60.1,1,0
Papua New Guinea,1996,106.0,0.0,60.1,1,0
Papua New Guinea,1997,12.0,0.0,60.1,1,0
Papua New Guinea,1998,40.0,0.0,60.1,1,0
Papua New Guinea,1999,60.0,0.0,60.1,1,0
Papua New Guinea,2000,13.0,0.0,60.1,1,1
Papua New Guinea,2001,65.0,0.0,60.1,1,1
Papua New Guinea,2002,7.0,0.0,60.1,1,0
Papua New Guinea,2012,57.0,0.0,60.1,1,0
Papua New Guinea,2019,30.0,0.0,60.1,1,0
Papua New Guinea,2021,38.0,0.0,60.1,1,1
Papua New Guinea,2022,109.0,0.0,60.1,1,1
Papua New Guinea,2023,1.0,0.0,60.1,1,0
Papua New Guinea,2024,135.0,0.0,60.1,1,0
Paraguay,1989,150.0,0.0,60.1,1,0
Paraguay,2016,1.0,0.0,60.1,1,0
Paraguay,2018,1.0,0.0,60.1,1,0
Paraguay,2020,1.0,0.0,60.1,1,1
Paraguay,2021,4.0,0.0,60.1,1,1
Peru,1989,1945.0,0.0,60.1,1,0
Peru,1990,1228.0,0.0,60.1,1,0
Peru,1991,1350.0,0.0,60.1,1,0
Peru,1992,1195.0,0.0,60.1,1,0
Peru,1993,779.0,0.0,60.1,1,0
Peru,1994,369.0,0.0,60.1,1,0
Peru,1995,274.0,0.0,60.1,1,0
Peru,1996,105.0,0.0,60.1,1,0
Peru,1997,116.0,0.0,60.1,1,0
Peru,1998,33.0,0.0,60.1,1,0
Peru,1999,89.0,0.0,60.1,1,0
Peru,2000,5.0,0.0,60.1,1,1
Peru,2001,21.0,0.0,60.1,1,1
Peru,2002,13.0,0.0,60.1,1,0
Peru,2003,13.0,0.0,60.1,1,0
Peru,2004,3.0,0.0,60.1,1,0
Peru,2005,0.0,0.0,60.1,0,0
Peru,2006,11.0,0.0,60.1,1,0
Peru,2007,32.0,0.0,60.1,1,0
Peru,2008,40.0,0.0,60.1,1,1
Peru,2009,54.0,0.0,60.1,1,1
Peru,2010,29.0,0.0,60.1,1,0
Peru,2011,15.0,0.0,60.1,1,0
Peru,2013,3.0,0.0,60.1,1,0
Peru,2014,14.0,0.0,60.1,1,0
Peru,2015,9.0,0.0,60.1,1,0
Peru,2016,11.0,0.0,60.1,1,0
Peru,2017,7.0,0.0,60.1,1,0
Peru,2019,2.0,0.0,60.1,1,0
Peru,2020,11.0,0.0,60.1,1,1
Peru,2021,20.0,0.0,60.1,1,1
Peru,2022,14.0,0.0,60.1,1,1
Peru,2023,12.0,0.0,60.1,1,0
Philippines,1989,984.0,0.0,60.1,1,0
Philippines,1990,1362.0,0.0,60.1,1,0
Philippines,1991,1549.0,0.0,60.1,1,0
Philippines,1992,445.0,0.0,60.1,1,0
Philippines,1993,318.0,0.0,60.1,1,0
Philippines,1994,308.0,0.0,60.1,1,0
Philippines,1995,188.0,0.0,60.1,1,0
Philippines,1996,199.0,0.0,60.1,1,0
Philippines,1997,322.0,0.0,60.1,1,0
Philippines,1998,138.0,0.0,60.1,1,0
Philippines,1999,219.0,0.0,60.1,1,0
Philippines,2000,1761.0,0.0,60.1,1,1
Philippines,2001,1053.0,0.0,60.1,1,1
Philippines,2002,763.0,0.0,60.1,1,0
Philippines,2003,1134.0,0.0,60.1,1,0
Philippines,2004,471.0,0.0,60.1,1,0
Philippines,2005,487.0,0.0,60.1,1,0
Philippines,2006,434.0,0.0,60.1,1,0
Philippines,2007,483.0,0.0,60.1,1,0
Philippines,2008,566.0,0.0,60.1,1,1
Philippines,2009,1048.0,0.0,60.1,1,1
Philippines,2010,372.0,0.0,60.1,1,0
Philippines,2011,414.0,0.0,60.1,1,0
Philippines,2012,311.0,0.0,60.1,1,0
Philippines,2013,537.0,2922.379,60.1,1,0
Philippines,2014,484.0,2650.429,60.1,1,0
Philippines,2015,628.0,2950.417,60.1,1,0
Philippines,2016,616.0,2630.752,60.1,1,0
Philippines,2017,1713.0,6598.963,60.1,1,0
Philippines,2018,436.0,0.0,60.1,1,0
Philippines,2019,364.0,10065.431,60.1,1,0
Philippines,2020,376.0,8187.52,60.1,1,1
Philippines,2021,310.0,13327.93,60.1,1,1
Philippines,2022,247.0,12223.961,60.1,1,1
Philippines,2023,269.0,0.0,60.1,1,0
Philippines,2024,204.0,0.0,60.1,1,0
Poland,2016,0.0,3133575.717,60.1,0,0
Poland,2017,0.0,1325163.941,60.1,0,0
Poland,2018,0.0,3878734.465,60.1,0,0
Poland,2019,0.0,2809202.88,60.1,0,0
Poland,2020,0.0,2935645.057,60.1,0,1
Poland,2021,0.0,3885863.433,60.1,0,1
Poland,2022,2.0,4437574.795,60.1,1,1
Poland,2023,0.0,5375138.137,60.1,0,0
Portugal,2016,0.0,329583.834,60.1,0,0
Portugal,2017,0.0,348278.448,60.1,0,0
Portugal,2018,0.0,402986.482,60.1,0,0
Portugal,2019,0.0,418748.754,60.1,0,0
Portugal,2020,0.0,387304.446,60.1,0,1
Portugal,2021,0.0,448230.334,60.1,0,1
Portugal,2022,0.0,484270.174,60.1,0,1
Portugal,2023,0.0,640682.886,60.1,0,0
Qatar,2004,0.0,0.0,60.1,0,0
Republic of Korea,2012,0.0,3954874.746,60.1,0,0
Republic of Korea,2013,0.0,4261815.929,60.1,0,0
Republic of Korea,2014,0.0,43028.843,60.1,0,0
Republic of Korea,2015,0.0,47796.541,60.1,0,0
Republic of Korea,2016,0.0,56529.017,60.1,0,0
Republic of Korea,2017,0.0,83276.477,60.1,0,0
Republic of Korea,2018,0.0,102997.443,60.1,0,0
Republic of Korea,2019,0.0,117217.968,60.1,0,0
Republic of Korea,2020,0.0,134108.745,60.1,0,1
Republic of Korea,2021,0.0,168472.122,60.1,0,1
Republic of Korea,2022,0.0,167389.907,60.1,0,1
Republic of Korea,2023,0.0,185504.891,60.1,0,0
Republic of Korea,2024,0.0,384341.966,60.1,0,0
Romania,1989,448.0,0.0,60.1,1,0
Russia,1989,160.0,0.0,60.1,1,0
Russia,1990,393.0,0.0,60.1,1,0
Russia,1991,340.0,0.0,60.1,1,0
Russia,1992,1.0,0.0,60.1,1,0
Russia,1993,145.0,0.0,60.1,1,0
Russia,1994,485.0,0.0,60.1,1,0
Russia,1995,1910.0,0.0,60.1,1,0
Russia,1996,2764.0,0.0,60.1,1,0
Russia,1997,13.0,0.0,60.1,1,0
Russia,1998,7.0,0.0,60.1,1,0
Russia,1999,6197.0,0.0,60.1,1,0
Russia,2000,4333.0,0.0,60.1,1,1
Russia,2001,992.0,0.0,60.1,1,1
Russia,2002,1508.0,0.0,60.1,1,0
Russia,2003,548.0,0.0,60.1,1,0
Russia,2004,1317.0,0.0,60.1,1,0
Russia,2005,688.0,0.0,60.1,1,0
Russia,2006,260.0,0.0,60.1,1,0
Russia,2007,182.0,0.0,60.1,1,0
Russia,2008,410.0,0.0,60.1,1,1
Russia,2009,698.0,0.0,60.1,1,1
Russia,2010,481.0,0.0,60.1,1,0
Russia,2011,396.0,0.0,60.1,1,0
Russia,2012,525.0,0.0,60.1,1,0
Russia,2013,365.0,0.0,60.1,1,0
Russia,2014,176.0,0.0,60.1,1,0
Russia,2015,86.0,0.0,60.1,1,0
Russia,2016,78.0,0.0,60.1,1,0
Russia,2017,53.0,0.0,60.1,1,0
Russia,2018,38.0,0.0,60.1,1,0
Russia,2019,26.0,0.0,60.1,1,0
Russia,2020,33.0,0.0,60.1,1,1
Russia,2021,2.0,0.0,60.1,1,1
Russia,2022,67.0,0.0,60.1,1,1
Russia,2023,204.0,0.0,60.1,1,0
Russia,2024,7819.0,0.0,60.1,1,0
Rwanda,1990,2647.0,0.0,60.1,1,0
Rwanda,1991,1102.0,0.0,60.1,1,0
Rwanda,1992,647.0,0.0,60.1,1,0
Rwanda,1993,977.0,0.0,60.1,1,0
Rwanda,1994,772463.0,0.0,60.1,1,0
Rwanda,1995,4232.0,0.0,60.1,1,0
Rwanda,1996,876.0,0.0,60.1,1,0
Rwanda,1997,7201.0,0.0,60.1,1,0
Rwanda,1998,1774.0,0.0,60.1,1,0
Rwanda,1999,29.0,0.0,60.1,1,0
Rwanda,2001,2044.0,0.0,60.1,1,1
Rwanda,2004,16.0,0.0,60.1,1,0
Rwanda,2009,2.0,0.0,60.1,1,1
Rwanda,2011,0.0,0.0,60.1,0,0
Rwanda,2012,13.0,0.0,60.1,1,0
Rwanda,2013,4.0,0.0,60.1,1,0
Rwanda,2016,27.0,0.0,60.1,1,0
Rwanda,2017,10.0,0.0,60.1,1,0
Rwanda,2018,18.0,0.0,60.1,1,0
Rwanda,2019,19.0,0.0,60.1,1,0
Rwanda,2021,7.0,0.0,60.1,1,1
Rwanda,2022,8.0,0.0,60.1,1,1
Rwanda,2024,1.0,0.0,60.1,1,0
Saudi Arabia,1991,91.0,0.0,60.1,1,0
Saudi Arabia,2003,26.0,0.0,60.1,1,0
Saudi Arabia,2004,91.0,0.0,60.1,1,0
Saudi Arabia,2005,31.0,0.0,60.1,1,0
Saudi Arabia,2006,11.0,0.0,60.1,1,0
Saudi Arabia,2007,2.0,0.0,60.1,1,0
Saudi Arabia,2015,113.0,0.0,60.1,1,0
Saudi Arabia,2016,125.0,0.0,60.1,1,0
Saudi Arabia,2017,45.0,0.0,60.1,1,0
Saudi Arabia,2018,11.0,0.0,60.1,1,0
Saudi Arabia,2019,6.0,0.0,60.1,1,0
Saudi Arabia,2020,0.0,0.0,60.1,0,1
Saudi Arabia,2021,6.0,0.0,60.1,1,1
Saudi Arabia,2023,9.0,0.0,60.1,1,0
Senegal,1989,121.0,0.0,60.1,1,0
Senegal,1990,84.0,0.0,60.1,1,0
Senegal,1991,16.0,0.0,60.1,1,0
Senegal,1992,135.0,0.0,60.1,1,0
Senegal,1993,285.0,0.0,60.1,1,0
Senegal,1995,329.0,0.0,60.1,1,0
Senegal,1996,5.0,0.0,60.1,1,0
Senegal,1997,366.0,0.0,60.1,1,0
Senegal,1998,343.0,0.0,60.1,1,0
Senegal,1999,31.0,0.0,60.1,1,0
Senegal,2000,56.0,0.0,60.1,1,1
Senegal,2001,47.0,0.0,60.1,1,1
Senegal,2002,45.0,0.0,60.1,1,0
Senegal,2003,39.0,0.0,60.1,1,0
Senegal,2004,3.0,0.0,60.1,1,0
Senegal,2005,46.0,0.0,60.1,1,0
Senegal,2006,126.0,0.0,60.1,1,0
Senegal,2008,11.0,0.0,60.1,1,1
Senegal,2009,19.0,0.0,60.1,1,1
Senegal,2010,19.0,0.0,60.1,1,0
Senegal,2011,37.0,0.0,60.1,1,0
Senegal,2012,23.0,0.0,60.1,1,0
Senegal,2013,8.0,0.0,60.1,1,0
Senegal,2018,1.0,0.0,60.1,1,0
Senegal,2020,0.0,0.0,60.1,0,1
Senegal,2021,0.0,0.0,60.1,0,1
Serbia,1991,3295.0,0.0,60.1,1,0
Serbia,1992,1868.0,0.0,60.1,1,0
Serbia,1995,0.0,0.0,60.1,0,0
Serbia,1996,2.0,0.0,60.1,1,0
Serbia,1997,9.0,0.0,60.1,1,0
Serbia,1998,1446.0,0.0,60.1,1,0
Serbia,1999,2153.0,0.0,60.1,1,0
Serbia,2001,0.0,0.0,60.1,0,1
Serbia,2016,0.0,130203.355,60.1,0,0
Serbia,2017,0.0,133517.243,60.1,0,0
Serbia,2018,0.0,427472.089,60.1,0,0
Serbia,2019,0.0,166208.622,60.1,0,0
Serbia,2020,0.0,164520.531,60.1,0,1
Serbia,2021,0.0,238683.474,60.1,0,1
Serbia,2022,0.0,201558.536,60.1,0,1
Serbia,2023,0.0,236264.636,60.1,0,0
Sierra Leone,1991,1225.0,0.0,60.1,1,0
Sierra Leone,1992,531.0,0.0,60.1,1,0
Sierra Leone,1993,642.0,0.0,60.1,1,0
Sierra Leone,1994,2097.0,0.0,60.1,1,0
Sierra Leone,1995,3194.0,0.0,60.1,1,0
Sierra Leone,1996,943.0,0.0,60.1,1,0
Sierra Leone,1997,1233.0,0.0,60.1,1,0
Sierra Leone,1998,5155.0,0.0,60.1,1,0
Sierra Leone,1999,4493.0,0.0,60.1,1,0
Sierra Leone,2000,856.0,0.0,60.1,1,1
Sierra Leone,2001,73.0,0.0,60.1,1,1
Sierra Leone,2002,1.0,0.0,60.1,1,0
Sierra Leone,2021,1.0,0.0,60.1,1,1
Singapore,2016,0.0,887197.152,60.1,0,0
Singapore,2017,0.0,1049729.71,60.1,0,0
Singapore,2018,0.0,1261311.125,60.1,0,0
Singapore,2019,0.0,1353513.705,60.1,0,0
Singapore,2020,0.0,1312710.951,60.1,0,1
Singapore,2021,0.0,1811365.229,60.1,0,1
Singapore,2022,0.0,1979291.343,60.1,0,1
Singapore,2023,0.0,1902771.391,60.1,0,0
Slovakia,2016,0.0,809489.5160000001,60.1,0,0
Slovakia,2017,0.0,680529.248,60.1,0,0
Slovakia,2018,0.0,896407.139,60.1,0,0
Slovakia,2019,0.0,787768.979,60.1,0,0
Slovakia,2020,0.0,819000.726,60.1,0,1
Slovakia,2021,0.0,944871.402,60.1,0,1
Slovakia,2022,0.0,861344.035,60.1,0,1
Slovakia,2023,0.0,1446751.672,60.1,0,0
Slovenia,2016,0.0,138505.681,60.1,0,0
Slovenia,2017,0.0,172360.997,60.1,0,0
Slovenia,2018,0.0,265501.6,60.1,0,0
Slovenia,2019,0.0,169165.026,60.1,0,0
Slovenia,2020,0.0,299972.458,60.1,0,1
Slovenia,2021,0.0,391784.267,60.1,0,1
Slovenia,2022,0.0,341831.594,60.1,0,1
Slovenia,2023,0.0,384066.394,60.1,0,0
Small Island Developing States (SIDS),2015,0.0,0.0,60.1,0,0
Small Island Developing States (SIDS),2015,0.0,0.0,33.9,0,0
Small Island Developing States (SIDS),2016,0.0,0.0,61.4,0,0
Small Island Developing States (SIDS),2016,0.0,0.0,34.4,0,0
Small Island Developing States (SIDS),2017,0.0,0.0,62.5,0,0
Small Island Developing States (SIDS),2018,0.0,0.0,64.1,0,0
Small Island Developing States (SIDS),2020,0.0,0.0,79.0,0,1
Small Island Developing States (SIDS),2021,0.0,0.0,80.4,0,1
Small Island Developing States (SIDS),2022,0.0,0.0,81.7,0,1
Small Island Developing States (SIDS),2023,0.0,0.0,84.0,0,0
Small Island Developing States (SIDS),2025,0.0,0.0,32.5,0,0
Solomon Islands,1992,2.0,0.0,82.7,1,0
Somalia,1989,1061.0,0.0,82.7,1,0
Somalia,1990,2700.0,0.0,82.7,1,0
Somalia,1991,8455.0,0.0,82.7,1,0
Somalia,1992,4729.0,0.0,82.7,1,0
Somalia,1993,483.0,0.0,82.7,1,0
Somalia,1994,626.0,0.0,82.7,1,0
Somalia,1995,444.0,0.0,82.7,1,0
Somalia,1996,949.0,0.0,82.7,1,0
Somalia,1997,277.0,0.0,82.7,1,0
Somalia,1998,330.0,0.0,82.7,1,0
Somalia,1999,542.0,0.0,82.7,1,0
Somalia,2000,185.0,0.0,82.7,1,1
Somalia,2001,483.0,0.0,82.7,1,1
Somalia,2002,638.0,0.0,82.7,1,0
Somalia,2003,405.0,0.0,82.7,1,0
Somalia,2004,670.0,0.0,82.7,1,0
Somalia,2005,340.0,0.0,82.7,1,0
Somalia,2006,1204.0,0.0,82.7,1,0
Somalia,2007,1620.0,0.0,82.7,1,0
Somalia,2008,1751.0,0.0,82.7,1,1
Somalia,2009,2204.0,0.0,82.7,1,1
Somalia,2010,2722.0,0.0,82.7,1,0
Somalia,2011,2118.0,0.0,82.7,1,0
Somalia,2012,2989.0,0.0,82.7,1,0
Somalia,2013,1045.0,0.0,82.7,1,0
Somalia,2014,1247.0,0.0,82.7,1,0
Somalia,2015,1254.0,0.0,82.7,1,0
Somalia,2016,2073.0,0.0,82.7,1,0
Somalia,2017,2071.0,0.0,82.7,1,0
Somalia,2018,2507.0,0.0,82.7,1,0
Somalia,2019,2219.0,0.0,82.7,1,0
Somalia,2020,2120.0,0.0,82.7,1,1
Somalia,2021,2269.0,0.0,82.7,1,1
Somalia,2022,3115.0,0.0,82.7,1,1
Somalia,2023,4216.0,0.0,82.7,1,0
Somalia,2024,2514.0,0.0,82.7,1,0
South Africa,1989,645.0,0.0,82.7,1,0
South Africa,1990,1459.0,0.0,82.7,1,0
South Africa,1991,737.0,0.0,82.7,1,0
South Africa,1992,761.0,0.0,82.7,1,0
South Africa,1993,895.0,0.0,82.7,1,0
South Africa,1994,532.0,0.0,82.7,1,0
South Africa,1995,143.0,0.0,82.7,1,0
South Africa,1996,156.0,0.0,82.7,1,0
South Africa,1997,30.0,0.0,82.7,1,0
South Africa,1998,44.0,0.0,82.7,1,0
South Africa,1999,19.0,0.0,82.7,1,0
South Africa,2000,0.0,0.0,82.7,0,1
South Africa,2002,2.0,0.0,82.7,1,0
South Africa,2004,0.0,0.0,82.7,0,0
South Africa,2010,1.0,0.0,82.7,1,0
South Africa,2015,0.0,0.0,82.7,0,0
South Africa,2016,3.0,0.0,82.7,1,0
South Africa,2018,12.0,0.0,82.7,1,0
South Africa,2019,8.0,0.0,82.7,1,0
South Africa,2020,29.0,0.0,82.7,1,1
South Africa,2021,123.0,0.0,82.7,1,1
South Africa,2022,4.0,0.0,82.7,1,1
South Africa,2023,5.0,0.0,82.7,1,0
South Africa,2024,2.0,0.0,82.7,1,0
South Sudan,2011,1194.0,0.0,82.7,1,0
South Sudan,2012,864.0,0.0,82.7,1,0
South Sudan,2013,1827.0,0.0,82.7,1,0
South Sudan,2014,2491.0,0.0,82.7,1,0
South Sudan,2015,1137.0,0.0,82.7,1,0
South Sudan,2016,1303.0,0.0,82.7,1,0
South Sudan,2017,1271.0,0.0,82.7,1,0
South Sudan,2018,1229.0,0.0,82.7,1,0
South Sudan,2019,642.0,0.0,82.7,1,0
South Sudan,2020,748.0,0.0,82.7,1,1
South Sudan,2021,891.0,0.0,82.7,1,1
South Sudan,2022,728.0,0.0,82.7,1,1
South Sudan,2023,224.0,0.0,82.7,1,0
South Sudan,2024,697.0,0.0,82.7,1,0
Spain,1989,17.0,0.0,82.7,1,0
Spain,1990,19.0,0.0,82.7,1,0
Spain,1991,45.0,0.0,82.7,1,0
Spain,1992,23.0,0.0,82.7,1,0
Spain,1993,12.0,0.0,82.7,1,0
Spain,1994,11.0,0.0,82.7,1,0
Spain,1995,13.0,0.0,82.7,1,0
Spain,1996,4.0,0.0,82.7,1,0
Spain,1997,12.0,0.0,82.7,1,0
Spain,1998,7.0,0.0,82.7,1,0
Spain,2000,20.0,0.0,82.7,1,1
Spain,2001,13.0,0.0,82.7,1,1
Spain,2002,5.0,0.0,82.7,1,0
Spain,2003,3.0,0.0,82.7,1,0
Spain,2004,191.0,0.0,82.7,1,0
Spain,2008,2.0,0.0,82.7,1,1
Spain,2009,3.0,0.0,82.7,1,1
Spain,2016,0.0,9519922.087,82.7,0,0
Spain,2017,16.0,10464184.043,82.7,1,0
Spain,2018,0.0,12056509.313,82.7,0,0
Spain,2019,0.0,12197983.134,82.7,0,0
Spain,2020,0.0,11106663.982,82.7,0,1
Spain,2021,0.0,13334610.625,82.7,0,1
Spain,2022,0.0,9506902.097,82.7,0,1
Spain,2023,2.0,16040660.663,82.7,1,0
Sri Lanka,1989,1288.0,0.0,82.7,1,0
Sri Lanka,1990,4840.0,0.0,82.7,1,0
Sri Lanka,1991,6646.0,0.0,82.7,1,0
Sri Lanka,1992,4444.0,0.0,82.7,1,0
Sri Lanka,1993,2084.0,0.0,82.7,1,0
Sri Lanka,1994,712.0,0.0,82.7,1,0
Sri Lanka,1995,4971.0,0.0,82.7,1,0
Sri Lanka,1996,4097.0,0.0,82.7,1,0
Sri Lanka,1997,2902.0,0.0,82.7,1,0
Sri Lanka,1998,3830.0,0.0,82.7,1,0
Sri Lanka,1999,1948.0,0.0,82.7,1,0
Sri Lanka,2000,2569.0,0.0,82.7,1,1
Sri Lanka,2001,1162.0,0.0,82.7,1,1
Sri Lanka,2002,17.0,0.0,82.7,1,0
Sri Lanka,2003,33.0,0.0,82.7,1,0
Sri Lanka,2004,84.0,0.0,82.7,1,0
Sri Lanka,2005,130.0,0.0,82.7,1,0
Sri Lanka,2006,2173.0,0.0,82.7,1,0
Sri Lanka,2007,2564.0,0.0,82.7,1,0
Sri Lanka,2008,8453.0,0.0,82.7,1,1
Sri Lanka,2009,10418.0,0.0,82.7,1,1
Sri Lanka,2011,2.0,0.0,82.7,1,0
Sri Lanka,2013,5.0,0.0,82.7,1,0
Sri Lanka,2017,1.0,0.0,82.7,1,0
Sri Lanka,2019,255.0,0.0,82.7,1,0
Sudan,1989,7533.0,0.0,82.7,1,0
Sudan,1990,5335.0,0.0,82.7,1,0
Sudan,1991,4566.0,0.0,82.7,1,0
Sudan,1992,4314.0,0.0,82.7,1,0
Sudan,1993,6042.0,0.0,82.7,1,0
Sudan,1994,977.0,0.0,82.7,1,0
Sudan,1995,1494.0,0.0,82.7,1,0
Sudan,1996,2735.0,0.0,82.7,1,0
Sudan,1997,4872.0,0.0,82.7,1,0
Sudan,1998,5958.0,0.0,82.7,1,0
Sudan,1999,2067.0,0.0,82.7,1,0
Sudan,2000,3537.0,0.0,82.7,1,1
Sudan,2001,3719.0,0.0,82.7,1,1
Sudan,2002,3207.0,0.0,82.7,1,0
Sudan,2003,5010.0,0.0,82.7,1,0
Sudan,2004,9712.0,0.0,82.7,1,0
Sudan,2005,1505.0,0.0,82.7,1,0
Sudan,2006,2187.0,0.0,82.7,1,0
Sudan,2007,1180.0,0.0,82.7,1,0
Sudan,2008,1241.0,0.0,82.7,1,1
Sudan,2009,2689.0,0.0,82.7,1,1
Sudan,2010,1790.0,0.0,82.7,1,0
Sudan,2011,2567.0,0.0,82.7,1,0
Sudan,2012,1525.0,0.0,82.7,1,0
Sudan,2013,1959.0,0.0,82.7,1,0
Sudan,2014,1912.0,0.0,82.7,1,0
Sudan,2015,2558.0,0.0,82.7,1,0
Sudan,2016,1997.0,0.0,82.7,1,0
Sudan,2017,548.0,0.0,82.7,1,0
Sudan,2018,432.0,0.0,82.7,1,0
Sudan,2019,435.0,0.0,82.7,1,0
Sudan,2020,627.0,0.0,82.7,1,1
Sudan,2021,862.0,0.0,82.7,1,1
Sudan,2022,1407.0,0.0,82.7,1,1
Sudan,2023,7837.0,0.0,82.7,1,0
Sudan,2024,7103.0,0.0,82.7,1,0
Sweden,2017,5.0,0.0,82.7,1,0
Syria,2004,8.0,0.0,82.7,1,0
Syria,2008,1.0,0.0,82.7,1,1
Syria,2011,4347.0,0.0,82.7,1,0
Syria,2012,53699.0,0.0,82.7,1,0
Syria,2013,76500.0,0.0,82.7,1,0
Syria,2014,78689.0,0.0,82.7,1,0
Syria,2015,59609.0,0.0,82.7,1,0
Syria,2016,53891.0,0.0,82.7,1,0
Syria,2017,38517.0,0.0,82.7,1,0
Syria,2018,21730.0,0.0,82.7,1,0
Syria,2019,11208.0,0.0,82.7,1,0
Syria,2020,5690.0,0.0,82.7,1,1
Syria,2021,1948.0,0.0,82.7,1,1
Syria,2022,1671.0,0.0,82.7,1,1
Syria,2023,2187.0,0.0,82.7,1,0
Syria,2024,3616.0,0.0,82.7,1,0
Tajikistan,1992,3859.0,0.0,82.7,1,0
Tajikistan,1993,1045.0,0.0,82.7,1,0
Tajikistan,1994,366.0,0.0,82.7,1,0
Tajikistan,1995,368.0,0.0,82.7,1,0
Tajikistan,1996,2797.0,0.0,82.7,1,0
Tajikistan,1997,97.0,0.0,82.7,1,0
Tajikistan,1998,600.0,0.0,82.7,1,0
Tajikistan,1999,4.0,0.0,82.7,1,0
Tajikistan,2000,46.0,0.0,82.7,1,1
Tajikistan,2005,1.0,0.0,82.7,1,0
Tajikistan,2006,8.0,0.0,82.7,1,0
Tajikistan,2009,17.0,0.0,82.7,1,1
Tajikistan,2010,98.0,0.0,82.7,1,0
Tajikistan,2011,28.0,0.0,82.7,1,0
Tajikistan,2013,3.0,0.0,82.7,1,0
Tajikistan,2014,3.0,0.0,82.7,1,0
Tajikistan,2018,56.0,0.0,82.7,1,0
Tajikistan,2019,53.0,0.0,82.7,1,0
Tajikistan,2021,16.0,0.0,82.7,1,1
Tajikistan,2022,87.0,0.0,82.7,1,1
Tanzania,1992,1.0,0.0,82.7,1,0
Tanzania,1996,10.0,0.0,82.7,1,0
Tanzania,1997,3.0,0.0,82.7,1,0
Tanzania,1999,0.0,0.0,82.7,0,0
Tanzania,2001,37.0,0.0,82.7,1,1
Tanzania,2007,3.0,0.0,82.7,1,0
Tanzania,2012,1.0,0.0,82.7,1,0
Tanzania,2014,10.0,0.0,82.7,1,0
Tanzania,2017,1.0,0.0,82.7,1,0
Tanzania,2018,1.0,0.0,82.7,1,0
Tanzania,2019,8.0,0.0,82.7,1,0
Tanzania,2020,44.0,0.0,82.7,1,1
Tanzania,2021,26.0,0.0,82.7,1,1
Tanzania,2022,4.0,0.0,82.7,1,1
Tanzania,2024,6.0,0.0,82.7,1,0
Thailand,1989,6.0,0.0,82.7,1,0
Thailand,1990,20.0,0.0,82.7,1,0
Thailand,1991,2.0,0.0,82.7,1,0
Thailand,1992,0.0,0.0,82.7,0,0
Thailand,1993,1.0,0.0,82.7,1,0
Thailand,1994,1.0,0.0,82.7,1,0
Thailand,1995,12.0,0.0,82.7,1,0
Thailand,1996,1.0,0.0,82.7,1,0
Thailand,1997,7.0,0.0,82.7,1,0
Thailand,1998,12.0,0.0,82.7,1,0
Thailand,1999,1.0,0.0,82.7,1,0
Thailand,2000,8.0,0.0,82.7,1,1
Thailand,2001,25.0,0.0,82.7,1,1
Thailand,2002,23.0,0.0,82.7,1,0
Thailand,2003,26.0,0.0,82.7,1,0
Thailand,2004,310.0,0.0,82.7,1,0
Thailand,2005,494.0,0.0,82.7,1,0
Thailand,2006,541.0,0.0,82.7,1,0
Thailand,2007,518.0,0.0,82.7,1,0
Thailand,2008,328.0,0.0,82.7,1,1
Thailand,2009,258.0,0.0,82.7,1,1
Thailand,2010,221.0,0.0,82.7,1,0
Thailand,2011,277.0,0.0,82.7,1,0
Thailand,2012,244.0,0.0,82.7,1,0
Thailand,2013,249.0,0.0,82.7,1,0
Thailand,2014,100.0,0.0,82.7,1,0
Thailand,2015,84.0,269203.027,82.7,1,0
Thailand,2016,69.0,383136.393,82.7,1,0
Thailand,2017,50.0,429273.988,82.7,1,0
Thailand,2018,61.0,601525.632,82.7,1,0
Thailand,2019,60.0,667175.407,82.7,1,0
Thailand,2020,47.0,587455.581,82.7,1,1
Thailand,2021,41.0,636321.561,82.7,1,1
Thailand,2022,36.0,664752.352,82.7,1,1
Thailand,2023,31.0,682647.528,82.7,1,0
Thailand,2024,40.0,696490.02,82.7,1,0
Togo,1991,63.0,0.0,82.7,1,0
Togo,1992,5.0,0.0,82.7,1,0
Togo,1993,48.0,0.0,82.7,1,0
Togo,1998,9.0,0.0,82.7,1,0
Togo,2005,436.0,0.0,82.7,1,0
Togo,2019,1.0,0.0,82.7,1,0
Togo,2022,62.0,0.0,82.7,1,1
Togo,2023,76.0,0.0,82.7,1,0
Togo,2024,68.0,0.0,82.7,1,0
Trinidad and Tobago,1990,39.0,0.0,82.7,1,0
Tunisia,2002,21.0,0.0,82.7,1,0
Tunisia,2011,8.0,0.0,82.7,1,0
Tunisia,2012,3.0,0.0,82.7,1,0
Tunisia,2013,29.0,0.0,82.7,1,0
Tunisia,2014,51.0,0.0,82.7,1,0
Tunisia,2015,137.0,0.0,82.7,1,0
Tunisia,2016,88.0,0.0,82.7,1,0
Tunisia,2017,15.0,0.0,82.7,1,0
Tunisia,2018,25.0,0.0,82.7,1,0
Tunisia,2019,20.0,0.0,82.7,1,0
Tunisia,2020,12.0,0.0,82.7,1,1
Tunisia,2021,18.0,0.0,82.7,1,1
Tunisia,2022,3.0,0.0,82.7,1,1
Tunisia,2023,3.0,0.0,82.7,1,0
Turkey,1989,538.0,0.0,82.7,1,0
Turkey,1990,630.0,0.0,82.7,1,0
Turkey,1991,448.0,0.0,82.7,1,0
Turkey,1992,1926.0,0.0,82.7,1,0
Turkey,1993,2765.0,0.0,82.7,1,0
Turkey,1994,4182.0,0.0,82.7,1,0
Turkey,1995,3650.0,0.0,82.7,1,0
Turkey,1996,3811.0,0.0,82.7,1,0
Turkey,1997,2600.0,0.0,82.7,1,0
Turkey,1998,2058.0,0.0,82.7,1,0
Turkey,1999,1155.0,0.0,82.7,1,0
Turkey,2000,153.0,0.0,82.7,1,1
Turkey,2001,120.0,0.0,82.7,1,1
Turkey,2002,34.0,0.0,82.7,1,0
Turkey,2003,150.0,0.0,82.7,1,0
Turkey,2004,221.0,0.0,82.7,1,0
Turkey,2005,295.0,0.0,82.7,1,0
Turkey,2006,226.0,0.0,82.7,1,0
Turkey,2007,502.0,0.0,82.7,1,0
Turkey,2008,491.0,0.0,82.7,1,1
Turkey,2009,138.0,0.0,82.7,1,1
Turkey,2010,234.0,0.0,82.7,1,0
Turkey,2011,410.0,0.0,82.7,1,0
Turkey,2012,789.0,0.0,82.7,1,0
Turkey,2013,75.0,0.0,82.7,1,0
Turkey,2014,11.0,0.0,82.7,1,0
Turkey,2015,1061.0,0.0,82.7,1,0
Turkey,2016,1561.0,0.0,82.7,1,0
Turkey,2017,462.0,0.0,82.7,1,0
Turkey,2018,461.0,0.0,82.7,1,0
Turkey,2019,311.0,0.0,82.7,1,0
Turkey,2020,226.0,0.0,82.7,1,1
Turkey,2021,132.0,0.0,82.7,1,1
Turkey,2022,107.0,0.0,82.7,1,1
Turkey,2023,108.0,0.0,82.7,1,0
Turkey,2024,43.0,0.0,82.7,1,0
Uganda,1989,1057.0,0.0,82.7,1,0
Uganda,1990,809.0,0.0,82.7,1,0
Uganda,1991,1018.0,0.0,82.7,1,0
Uganda,1992,76.0,0.0,82.7,1,0
Uganda,1994,160.0,0.0,82.7,1,0
Uganda,1995,537.0,0.0,82.7,1,0
Uganda,1996,1798.0,0.0,82.7,1,0
Uganda,1997,1354.0,0.0,82.7,1,0
Uganda,1998,1214.0,0.0,82.7,1,0
Uganda,1999,1024.0,0.0,82.7,1,0
Uganda,2000,1238.0,0.0,82.7,1,1
Uganda,2001,212.0,0.0,82.7,1,1
Uganda,2002,1316.0,0.0,82.7,1,0
Uganda,2003,1628.0,0.0,82.7,1,0
Uganda,2004,2004.0,0.0,82.7,1,0
Uganda,2005,922.0,0.0,82.7,1,0
Uganda,2006,334.0,0.0,82.7,1,0
Uganda,2007,156.0,0.0,82.7,1,0
Uganda,2008,32.0,0.0,82.7,1,1
Uganda,2009,59.0,0.0,82.7,1,1
Uganda,2010,74.0,0.0,82.7,1,0
Uganda,2014,7.0,0.0,82.7,1,0
Uganda,2016,30.0,0.0,82.7,1,0
Uganda,2017,0.0,0.0,82.7,0,0
Uganda,2018,2.0,0.0,82.7,1,0
Uganda,2019,2.0,0.0,82.7,1,0
Uganda,2021,23.0,0.0,82.7,1,1
Uganda,2022,25.0,0.0,82.7,1,1
Uganda,2023,79.0,0.0,82.7,1,0
Uganda,2024,1.0,0.0,82.7,1,0
Ukraine,2014,4946.0,0.0,82.7,1,0
Ukraine,2015,1894.0,0.0,82.7,1,0
Ukraine,2016,699.0,0.0,82.7,1,0
Ukraine,2017,447.0,0.0,82.7,1,0
Ukraine,2018,243.0,0.0,82.7,1,0
Ukraine,2019,311.0,0.0,82.7,1,0
Ukraine,2020,196.0,0.0,82.7,1,1
Ukraine,2021,208.0,0.0,82.7,1,1
Ukraine,2022,92615.0,0.0,82.7,1,1
Ukraine,2023,75393.0,0.0,82.7,1,0
Ukraine,2024,68116.0,0.0,82.7,1,0
United Arab Emirates,2010,1.0,0.0,82.7,1,0
United Arab Emirates,2022,3.0,0.0,82.7,1,1
United Kingdom,1989,41.0,0.0,82.7,1,0
United Kingdom,1990,47.0,0.0,82.7,1,0
United Kingdom,1991,38.0,0.0,82.7,1,0
United Kingdom,1992,39.0,0.0,82.7,1,0
United Kingdom,1993,47.0,0.0,82.7,1,0
United Kingdom,1994,16.0,0.0,82.7,1,0
United Kingdom,1996,2.0,0.0,82.7,1,0
United Kingdom,1997,5.0,0.0,82.7,1,0
United Kingdom,1998,31.0,0.0,82.7,1,0
United Kingdom,2000,1.0,0.0,82.7,1,1
United Kingdom,2001,1.0,0.0,82.7,1,1
United Kingdom,2002,3.0,0.0,82.7,1,0
United Kingdom,2003,1.0,0.0,82.7,1,0
United Kingdom,2004,1.0,0.0,82.7,1,0
United Kingdom,2005,53.0,0.0,82.7,1,0
United Kingdom,2006,0.0,0.0,82.7,0,0
United Kingdom,2009,2.0,0.0,82.7,1,1
United Kingdom,2011,1.0,0.0,82.7,1,0
United Kingdom,2012,0.0,8844367.168,82.7,0,0
United Kingdom,2013,0.0,10321098.767,82.7,0,0
United Kingdom,2014,0.0,17135580.592,82.7,0,0
United Kingdom,2015,0.0,15000943.887,82.7,0,0
United Kingdom,2016,0.0,13499641.847,82.7,0,0
United Kingdom,2017,0.0,14932237.046,82.7,0,0
United Kingdom,2018,0.0,18180288.975,82.7,0,0
United Kingdom,2019,4.0,24594575.613,82.7,1,0
United Kingdom,2021,0.0,3362835.767,82.7,0,1
United States,2001,2986.0,0.0,82.7,1,1
United States,2010,2.0,0.0,82.7,1,0
United States,2012,0.0,13905393.0,82.7,0,0
United States,2013,0.0,15106142.0,82.7,0,0
United States,2014,0.0,16428673.0,82.7,0,0
United States,2015,14.0,19655547.0,82.7,1,0
United States,2016,0.0,20088659.0,82.7,0,0
United States,2017,8.0,22664532.0,82.7,1,0
United States,2018,1.0,24357695.0,82.7,1,0
United States,2019,4.0,25306253.0,82.7,1,0
United States,2020,0.0,25470742.0,82.7,0,1
United States,2021,0.0,29776955.0,82.7,0,1
United States,2022,1.0,17393689.0,82.7,1,1
Upper-middle-income,2015,0.0,0.0,82.7,0,0
Upper-middle-income,2015,0.0,0.0,80.8,0,0
Upper-middle-income,2016,0.0,0.0,85.3,0,0
Upper-middle-income,2016,0.0,0.0,82.6,0,0
Upper-middle-income,2017,0.0,0.0,86.9,0,0
Upper-middle-income,2018,0.0,0.0,88.8,0,0
Upper-middle-income,2020,0.0,0.0,87.2,0,1
Upper-middle-income,2021,0.0,0.0,88.7,0,1
Upper-middle-income,2022,0.0,0.0,89.6,0,1
Upper-middle-income,2023,0.0,0.0,91.5,0,0
Upper-middle-income,2025,0.0,0.0,73.4,0,0
Uzbekistan,1999,50.0,0.0,67.0,1,0
Uzbekistan,2000,297.0,0.0,67.0,1,1
Uzbekistan,2004,37.0,0.0,67.0,1,0
Uzbekistan,2009,16.0,0.0,67.0,1,1
Venezuela,1989,58.0,0.0,67.0,1,0
Venezuela,1990,64.0,0.0,67.0,1,0
Venezuela,1991,30.0,0.0,67.0,1,0
Venezuela,1992,223.0,0.0,67.0,1,0
Venezuela,1993,63.0,0.0,67.0,1,0
Venezuela,1994,164.0,0.0,67.0,1,0
Venezuela,1995,28.0,0.0,67.0,1,0
Venezuela,1996,33.0,0.0,67.0,1,0
Venezuela,1997,33.0,0.0,67.0,1,0
Venezuela,1998,10.0,0.0,67.0,1,0
Venezuela,1999,26.0,0.0,67.0,1,0
Venezuela,2000,27.0,0.0,67.0,1,1
Venezuela,2001,27.0,0.0,67.0,1,1
Venezuela,2002,27.0,0.0,67.0,1,0
Venezuela,2003,25.0,0.0,67.0,1,0
Venezuela,2004,31.0,0.0,67.0,1,0
Venezuela,2005,30.0,0.0,67.0,1,0
Venezuela,2006,22.0,0.0,67.0,1,0
Venezuela,2007,17.0,0.0,67.0,1,0
Venezuela,2008,27.0,0.0,67.0,1,1
Venezuela,2009,27.0,0.0,67.0,1,1
Venezuela,2010,23.0,0.0,67.0,1,0
Venezuela,2011,11.0,0.0,67.0,1,0
Venezuela,2012,33.0,0.0,67.0,1,0
Venezuela,2013,9.0,0.0,67.0,1,0
Venezuela,2014,49.0,0.0,67.0,1,0
Venezuela,2015,32.0,0.0,67.0,1,0
Venezuela,2016,60.0,0.0,67.0,1,0
Venezuela,2017,76.0,0.0,67.0,1,0
Venezuela,2018,94.0,0.0,67.0,1,0
Venezuela,2019,83.0,0.0,67.0,1,0
Venezuela,2020,5.0,0.0,67.0,1,1
Venezuela,2021,20.0,0.0,67.0,1,1
Venezuela,2022,39.0,0.0,67.0,1,1
Venezuela,2023,16.0,0.0,67.0,1,0
Venezuela,2024,12.0,0.0,67.0,1,0
World,2015,0.0,0.0,67.0,0,0
World,2015,0.0,0.0,55.8,0,0
World,2016,0.0,0.0,69.2,0,0
World,2016,0.0,0.0,58.2,0,0
World,2017,0.0,0.0,71.2,0,0
World,2018,0.0,0.0,73.6,0,0
World,2020,0.0,0.0,80.3,0,1
World,2021,0.0,0.0,81.8,0,1
World,2022,0.0,0.0,83.0,0,1
World,2023,0.0,0.0,85.4,0,0
World,2025,0.0,0.0,50.3,0,0
Yemen,1994,1489.0,0.0,,1,0
Yemen,2000,19.0,0.0,,1,1
Yemen,2002,2.0,0.0,,1,0
Yemen,2003,6.0,0.0,,1,0
Yemen,2004,29.0,0.0,,1,0
Yemen,2008,21.0,0.0,,1,1
Yemen,2009,94.0,0.0,,1,1
Yemen,2010,201.0,0.0,,1,0
Yemen,2011,1430.0,0.0,,1,0
Yemen,2012,2461.0,0.0,,1,0
Yemen,2013,578.0,0.0,,1,0
Yemen,2014,2364.0,0.0,,1,0
Yemen,2015,8125.0,0.0,,1,0
Yemen,2016,4027.0,0.0,,1,0
Yemen,2017,3620.0,0.0,,1,0
Yemen,2018,4996.0,0.0,,1,0
Yemen,2019,2959.0,0.0,,1,0
Yemen,2020,6754.0,0.0,,1,1
Yemen,2021,23463.0,0.0,,1,1
Yemen,2022,3220.0,0.0,,1,1
Yemen,2023,931.0,0.0,,1,0
Yemen,2024,990.0,0.0,,1,0
Zambia,1989,87.0,0.0,,1,0
Zambia,1990,40.0,0.0,,1,0
Zambia,1993,1.0,0.0,,1,0
Zambia,2000,1.0,0.0,,1,1
Zambia,2001,7.0,0.0,,1,1
Zimbabwe,1989,37.0,0.0,,1,0
Zimbabwe,1990,14.0,0.0,,1,0
Zimbabwe,1995,4.0,0.0,,1,0
Zimbabwe,1998,1.0,0.0,,1,0
Zimbabwe,1999,1.0,0.0,,1,0
Zimbabwe,2001,0.0,0.0,,0,1
Zimbabwe,2003,0.0,0.0,,0,0
Zimbabwe,2007,0.0,0.0,,0,0
Zimbabwe,2008,253.0,0.0,,1,1
Zimbabwe,2009,0.0,0.0,,0,1
Zimbabwe,2011,1.0,0.0,,1,0
Zimbabwe,2012,1.0,0.0,,1,0
Zimbabwe,2018,4.0,0.0,,1,0
Zimbabwe,2019,8.0,0.0,,1,0
Zimbabwe,2020,2.0,0.0,,1,1
